2022-06-10 02:51:17.796 [main] INFO  it.polimi.ingsw.server.communication.ServerMain - Starting server...
2022-06-10 02:53:27.105 [main] INFO  it.polimi.ingsw.server.communication.LobbyManager - waiting room started
2022-06-10 02:53:27.109 [main] INFO  it.polimi.ingsw.server.communication.ServerMain - Starting server...
2022-06-10 02:54:32.570 [main] INFO  WaitingRooms - waiting room started
2022-06-10 02:54:32.577 [main] INFO  ServerMain - Starting server...
2022-06-10 02:56:47.082 [main] INFO  WaitingRooms - waiting room started
2022-06-10 02:56:47.086 [main] INFO  ServerMain - Starting server...
2022-06-10 02:56:47.092 [main] FATAL ServerMain - Address already in use
2022-06-10 02:56:47.097 [main] INFO  ServerMain - Starting server...
2022-06-10 02:56:47.113 [main] INFO  ServerMain - Server: Server ready on IP: 0.0.0.0/0.0.0.0 port: 12346
2022-06-10 02:56:47.116 [main] INFO  ServerMain - Server: Server ready on IP: 0.0.0.0/0.0.0.0 port: 12346
2022-06-10 03:05:06.121 [main] INFO  WaitingRooms - waiting room started
2022-06-10 03:05:06.125 [main] INFO  ServerMain - Starting server...
2022-06-10 03:05:06.131 [main] FATAL ServerMain - Address already in useaddress already in use
2022-06-10 03:05:06.135 [main] INFO  ServerMain - Starting server...
2022-06-10 03:05:06.141 [main] INFO  ServerMain - Server: Server ready on IP: 0.0.0.0/0.0.0.0 port: 12346
2022-06-10 03:05:06.145 [main] INFO  ServerMain - Server: Server ready on IP: 0.0.0.0/0.0.0.0 port: 12346
2022-06-10 03:08:24.183 [main] INFO  WaitingRooms - waiting room started
2022-06-10 03:08:24.187 [main] INFO  ServerMain - Starting server...
2022-06-10 03:08:24.196 [main] INFO  ServerMain - Server: Server ready on IP: 0.0.0.0/0.0.0.0 port: 12345
2022-06-10 03:08:37.283 [main] INFO  ServerMain - player connected on port 49796
2022-06-10 03:08:37.288 [main] INFO  WaitingRooms - new client added with no preferences. connected clients in lobby: 6
2022-06-10 03:08:37.478 [pool-2-thread-2] INFO  WaitingRooms - joined the lobby. connected clients in lobby: 7
2022-06-10 03:13:55.885 [main] INFO  ServerMain - player connected on port 50127
2022-06-10 03:13:55.887 [main] INFO  WaitingRooms - new client added with no preferences. connected clients in lobby: 7
2022-06-10 03:13:56.014 [pool-2-thread-3] INFO  WaitingRooms - fedejoined the lobby. connected clients in lobby: 8
2022-06-10 03:13:59.748 [pool-2-thread-3] INFO  HeartBeatServer - client @ port 50127sent a ping validation.
2022-06-10 03:14:04.625 [pool-2-thread-3] INFO  HeartBeatServer - client @ port 50127sent a ping validation.
2022-06-10 03:14:09.653 [pool-2-thread-3] INFO  HeartBeatServer - client @ port 50127sent a ping validation.
2022-06-10 03:26:43.191 [main] INFO  WaitingRooms - waiting room started
2022-06-10 03:26:43.196 [main] INFO  ServerMain - Starting server...
2022-06-10 03:26:43.207 [main] INFO  ServerMain - Server: Server ready on IP: 0.0.0.0/0.0.0.0 port: 12345
2022-06-10 03:26:48.873 [main] INFO  ServerMain - player connected on port 50699
2022-06-10 03:26:48.884 [main] INFO  WaitingRooms - new client added with no preferences. connected clients in lobby: 0
2022-06-10 03:26:49.027 [pool-2-thread-2] INFO  ServerReceiver - Server received message: preferences
2022-06-10 03:26:49.030 [pool-2-thread-2] INFO  WaitingRooms - fedejoined the lobby. connected clients in lobby: 1
2022-06-10 03:26:49.047 [pool-2-thread-2] INFO  GameInterface - it.polimi.ingsw.server.controller.GameInterface@6ef78521: creating a new instance with players: java.util.stream.ReferencePipeline$3@5c04df27
2022-06-10 03:28:30.254 [main] INFO  WaitingRooms - waiting room started
2022-06-10 03:28:30.259 [main] INFO  ServerMain - Starting server...
2022-06-10 03:28:30.266 [main] FATAL ServerMain - Address already in useaddress already in use
2022-06-10 03:28:30.272 [main] INFO  ServerMain - Starting server...
2022-06-10 03:28:30.289 [main] INFO  ServerMain - Server: Server ready on IP: 0.0.0.0/0.0.0.0 port: 12346
2022-06-10 03:28:30.292 [main] INFO  ServerMain - Server: Server ready on IP: 0.0.0.0/0.0.0.0 port: 12346
2022-06-10 03:28:48.020 [main] INFO  WaitingRooms - waiting room started
2022-06-10 03:28:48.024 [main] INFO  ServerMain - Starting server...
2022-06-10 03:28:48.033 [main] INFO  ServerMain - Server: Server ready on IP: 0.0.0.0/0.0.0.0 port: 12345
2022-06-10 03:29:14.362 [main] INFO  ServerMain - player connected on port 50975
2022-06-10 03:29:14.374 [main] INFO  WaitingRooms - new client added with no preferences. connected clients in lobby: 0
2022-06-10 03:29:14.542 [pool-2-thread-2] INFO  ServerReceiver - Server received message: preferences
2022-06-10 03:29:14.546 [pool-2-thread-2] INFO  WaitingRooms - giova << joined the lobby. connected clients in lobby: 1
2022-06-10 03:29:14.570 [pool-2-thread-2] INFO  GameInterface - it.polimi.ingsw.server.controller.GameInterface@ef444b1: creating a new instance with players: [giova]
2022-06-10 03:29:31.001 [main] INFO  ServerMain - player connected on port 50992
2022-06-10 03:29:31.002 [main] INFO  WaitingRooms - new client added with no preferences. connected clients in lobby: 2
2022-06-10 03:29:31.139 [pool-2-thread-2] INFO  ServerReceiver - Server received message: preferences
2022-06-10 03:29:31.139 [pool-2-thread-2] INFO  WaitingRooms - fede << joined the lobby. connected clients in lobby: 3
2022-06-10 03:29:31.140 [pool-2-thread-2] INFO  GameInterface - it.polimi.ingsw.server.controller.GameInterface@35dc6a9d: creating a new instance with players: [giova, fede]
2022-06-10 03:29:31.176 [pool-2-thread-2] INFO  GameInterface - it.polimi.ingsw.server.controller.GameInterface@35dc6a9d is sending an update to the clients.
2022-06-10 03:29:33.365 [pool-2-thread-2] INFO  HeartBeatServer - client @ port 50992sent a ping validation.
2022-06-10 03:29:38.240 [pool-2-thread-2] INFO  HeartBeatServer - client @ port 50992sent a ping validation.
2022-06-10 03:29:43.248 [pool-2-thread-2] INFO  HeartBeatServer - client @ port 50992sent a ping validation.
2022-06-10 03:29:48.263 [pool-2-thread-2] INFO  HeartBeatServer - client @ port 50992sent a ping validation.
2022-06-10 03:29:53.284 [pool-2-thread-2] INFO  HeartBeatServer - client @ port 50992sent a ping validation.
2022-06-10 03:29:58.298 [pool-2-thread-2] INFO  HeartBeatServer - client @ port 50992sent a ping validation.
2022-06-10 03:30:03.303 [pool-2-thread-2] INFO  HeartBeatServer - client @ port 50992sent a ping validation.
2022-06-10 03:30:08.332 [pool-2-thread-2] INFO  HeartBeatServer - client @ port 50992sent a ping validation.
2022-06-10 03:30:13.351 [pool-2-thread-2] INFO  HeartBeatServer - client @ port 50992sent a ping validation.
2022-06-10 03:30:18.354 [pool-2-thread-2] INFO  HeartBeatServer - client @ port 50992sent a ping validation.
2022-06-10 03:30:23.358 [pool-2-thread-2] INFO  HeartBeatServer - client @ port 50992sent a ping validation.
2022-06-10 03:30:28.370 [pool-2-thread-2] INFO  HeartBeatServer - client @ port 50992sent a ping validation.
2022-06-10 03:30:33.384 [pool-2-thread-2] INFO  HeartBeatServer - client @ port 50992sent a ping validation.
2022-06-10 03:30:38.397 [pool-2-thread-2] INFO  HeartBeatServer - client @ port 50992sent a ping validation.
2022-06-10 03:30:43.405 [pool-2-thread-2] INFO  HeartBeatServer - client @ port 50992sent a ping validation.
2022-06-10 03:30:48.417 [pool-2-thread-2] INFO  HeartBeatServer - client @ port 50992sent a ping validation.
2022-06-10 03:30:53.427 [pool-2-thread-2] INFO  HeartBeatServer - client @ port 50992sent a ping validation.
2022-06-10 03:30:58.439 [pool-2-thread-2] INFO  HeartBeatServer - client @ port 50992sent a ping validation.
2022-06-10 03:31:03.446 [pool-2-thread-2] INFO  HeartBeatServer - client @ port 50992sent a ping validation.
2022-06-10 03:31:08.466 [pool-2-thread-2] INFO  HeartBeatServer - client @ port 50992sent a ping validation.
2022-06-10 03:31:13.478 [pool-2-thread-2] INFO  HeartBeatServer - client @ port 50992sent a ping validation.
2022-06-10 03:31:18.486 [pool-2-thread-2] INFO  HeartBeatServer - client @ port 50992sent a ping validation.
2022-06-10 03:31:23.503 [pool-2-thread-2] INFO  HeartBeatServer - client @ port 50992sent a ping validation.
2022-06-10 03:31:28.514 [pool-2-thread-2] INFO  HeartBeatServer - client @ port 50992sent a ping validation.
2022-06-10 03:31:33.521 [pool-2-thread-2] INFO  HeartBeatServer - client @ port 50992sent a ping validation.
2022-06-10 03:31:38.532 [pool-2-thread-2] INFO  HeartBeatServer - client @ port 50992sent a ping validation.
2022-06-10 03:31:43.541 [pool-2-thread-2] INFO  HeartBeatServer - client @ port 50992sent a ping validation.
2022-06-10 03:31:48.560 [pool-2-thread-2] INFO  HeartBeatServer - client @ port 50992sent a ping validation.
2022-06-10 03:31:53.577 [pool-2-thread-2] INFO  HeartBeatServer - client @ port 50992sent a ping validation.
2022-06-10 03:31:58.590 [pool-2-thread-2] INFO  HeartBeatServer - client @ port 50992sent a ping validation.
2022-06-10 03:32:03.592 [pool-2-thread-2] INFO  HeartBeatServer - client @ port 50992sent a ping validation.
2022-06-10 03:32:08.617 [pool-2-thread-2] INFO  HeartBeatServer - client @ port 50992sent a ping validation.
2022-06-10 03:32:13.631 [pool-2-thread-2] INFO  HeartBeatServer - client @ port 50992sent a ping validation.
2022-06-10 03:32:18.647 [pool-2-thread-2] INFO  HeartBeatServer - client @ port 50992sent a ping validation.
2022-06-10 03:32:23.659 [pool-2-thread-2] INFO  HeartBeatServer - client @ port 50992sent a ping validation.
2022-06-10 03:32:28.679 [pool-2-thread-2] INFO  HeartBeatServer - client @ port 50992sent a ping validation.
2022-06-10 03:32:33.687 [pool-2-thread-2] INFO  HeartBeatServer - client @ port 50992sent a ping validation.
2022-06-10 03:32:38.722 [pool-2-thread-2] INFO  HeartBeatServer - client @ port 50992sent a ping validation.
2022-06-10 03:32:43.724 [pool-2-thread-2] INFO  HeartBeatServer - client @ port 50992sent a ping validation.
2022-06-10 03:32:48.738 [pool-2-thread-2] INFO  HeartBeatServer - client @ port 50992sent a ping validation.
2022-06-10 03:32:53.751 [pool-2-thread-2] INFO  HeartBeatServer - client @ port 50992sent a ping validation.
2022-06-10 03:32:58.763 [pool-2-thread-2] INFO  HeartBeatServer - client @ port 50992sent a ping validation.
2022-06-10 03:33:03.774 [pool-2-thread-2] INFO  HeartBeatServer - client @ port 50992sent a ping validation.
2022-06-10 03:33:08.794 [pool-2-thread-2] INFO  HeartBeatServer - client @ port 50992sent a ping validation.
2022-06-10 03:33:13.784 [pool-2-thread-2] INFO  HeartBeatServer - client @ port 50992sent a ping validation.
2022-06-10 03:33:18.794 [pool-2-thread-2] INFO  HeartBeatServer - client @ port 50992sent a ping validation.
2022-06-10 03:33:23.810 [pool-2-thread-2] INFO  HeartBeatServer - client @ port 50992sent a ping validation.
2022-06-10 03:33:28.825 [pool-2-thread-2] INFO  HeartBeatServer - client @ port 50992sent a ping validation.
2022-06-10 03:33:33.830 [pool-2-thread-2] INFO  HeartBeatServer - client @ port 50992sent a ping validation.
2022-06-10 03:33:38.835 [pool-2-thread-2] INFO  HeartBeatServer - client @ port 50992sent a ping validation.
2022-06-10 03:33:43.842 [pool-2-thread-2] INFO  HeartBeatServer - client @ port 50992sent a ping validation.
2022-06-10 03:33:48.868 [pool-2-thread-2] INFO  HeartBeatServer - client @ port 50992sent a ping validation.
2022-06-10 03:33:53.883 [pool-2-thread-2] INFO  HeartBeatServer - client @ port 50992sent a ping validation.
2022-06-10 03:33:58.874 [pool-2-thread-2] INFO  HeartBeatServer - client @ port 50992sent a ping validation.
2022-06-10 03:34:03.888 [pool-2-thread-2] INFO  HeartBeatServer - client @ port 50992sent a ping validation.
2022-06-10 03:34:08.905 [pool-2-thread-2] INFO  HeartBeatServer - client @ port 50992sent a ping validation.
2022-06-10 03:34:13.909 [pool-2-thread-2] INFO  HeartBeatServer - client @ port 50992sent a ping validation.
2022-06-10 03:34:18.921 [pool-2-thread-2] INFO  HeartBeatServer - client @ port 50992sent a ping validation.
2022-06-10 03:34:23.946 [pool-2-thread-2] INFO  HeartBeatServer - client @ port 50992sent a ping validation.
2022-06-10 03:34:28.955 [pool-2-thread-2] INFO  HeartBeatServer - client @ port 50992sent a ping validation.
2022-06-10 03:34:33.963 [pool-2-thread-2] INFO  HeartBeatServer - client @ port 50992sent a ping validation.
2022-06-10 03:34:38.972 [pool-2-thread-2] INFO  HeartBeatServer - client @ port 50992sent a ping validation.
2022-06-10 03:34:43.990 [pool-2-thread-2] INFO  HeartBeatServer - client @ port 50992sent a ping validation.
2022-06-10 03:34:49.015 [pool-2-thread-2] INFO  HeartBeatServer - client @ port 50992sent a ping validation.
2022-06-10 03:34:54.021 [pool-2-thread-2] INFO  HeartBeatServer - client @ port 50992sent a ping validation.
2022-06-10 03:34:59.030 [pool-2-thread-2] INFO  HeartBeatServer - client @ port 50992sent a ping validation.
2022-06-10 03:35:04.046 [pool-2-thread-2] INFO  HeartBeatServer - client @ port 50992sent a ping validation.
2022-06-10 03:35:09.050 [pool-2-thread-2] INFO  HeartBeatServer - client @ port 50992sent a ping validation.
2022-06-10 03:35:14.059 [pool-2-thread-2] INFO  HeartBeatServer - client @ port 50992sent a ping validation.
2022-06-10 03:35:19.075 [pool-2-thread-2] INFO  HeartBeatServer - client @ port 50992sent a ping validation.
2022-06-10 03:35:24.079 [pool-2-thread-2] INFO  HeartBeatServer - client @ port 50992sent a ping validation.
2022-06-10 03:35:29.091 [pool-2-thread-2] INFO  HeartBeatServer - client @ port 50992sent a ping validation.
2022-06-10 03:35:34.101 [pool-2-thread-2] INFO  HeartBeatServer - client @ port 50992sent a ping validation.
2022-06-10 03:35:39.106 [pool-2-thread-2] INFO  HeartBeatServer - client @ port 50992sent a ping validation.
2022-06-10 03:35:44.116 [pool-2-thread-2] INFO  HeartBeatServer - client @ port 50992sent a ping validation.
2022-06-10 03:35:49.123 [pool-2-thread-2] INFO  HeartBeatServer - client @ port 50992sent a ping validation.
2022-06-10 03:35:54.137 [pool-2-thread-2] INFO  HeartBeatServer - client @ port 50992sent a ping validation.
2022-06-10 03:35:59.142 [pool-2-thread-2] INFO  HeartBeatServer - client @ port 50992sent a ping validation.
2022-06-10 03:36:04.157 [pool-2-thread-2] INFO  HeartBeatServer - client @ port 50992sent a ping validation.
2022-06-10 03:36:09.159 [pool-2-thread-2] INFO  HeartBeatServer - client @ port 50992sent a ping validation.
2022-06-10 03:36:14.177 [pool-2-thread-2] INFO  HeartBeatServer - client @ port 50992sent a ping validation.
2022-06-10 03:36:19.175 [pool-2-thread-2] INFO  HeartBeatServer - client @ port 50992sent a ping validation.
2022-06-10 03:36:24.184 [pool-2-thread-2] INFO  HeartBeatServer - client @ port 50992sent a ping validation.
2022-06-10 03:36:29.197 [pool-2-thread-2] INFO  HeartBeatServer - client @ port 50992sent a ping validation.
2022-06-10 03:36:34.206 [pool-2-thread-2] INFO  HeartBeatServer - client @ port 50992sent a ping validation.
2022-06-10 03:36:39.215 [pool-2-thread-2] INFO  HeartBeatServer - client @ port 50992sent a ping validation.
2022-06-10 03:36:44.229 [pool-2-thread-2] INFO  HeartBeatServer - client @ port 50992sent a ping validation.
2022-06-10 03:36:49.224 [pool-2-thread-2] INFO  HeartBeatServer - client @ port 50992sent a ping validation.
2022-06-10 03:36:54.230 [pool-2-thread-2] INFO  HeartBeatServer - client @ port 50992sent a ping validation.
2022-06-10 03:45:56.783 [main] INFO  WaitingRooms - waiting room started
2022-06-10 03:45:56.786 [main] INFO  ServerMain - Starting server...
2022-06-10 03:45:56.795 [main] INFO  ServerMain - Server: Server ready on IP: 0.0.0.0/0.0.0.0 port: 12345
2022-06-10 03:46:02.992 [main] INFO  ServerMain - player connected on port 52089
2022-06-10 03:46:03.002 [main] INFO  WaitingRooms - new client added with no preferences. connected clients in lobby: 0
2022-06-10 03:46:03.160 [pool-2-thread-2] INFO  ServerReceiver - Server received message: preferences
2022-06-10 03:46:03.163 [pool-2-thread-2] INFO  WaitingRooms - gio << joined the lobby. connected clients in lobby: 1
2022-06-10 03:46:18.232 [main] INFO  ServerMain - player connected on port 52090
2022-06-10 03:46:18.234 [main] INFO  WaitingRooms - new client added with no preferences. connected clients in lobby: 2
2022-06-10 03:46:18.354 [pool-2-thread-3] INFO  ServerReceiver - Server received message: preferences
2022-06-10 03:46:18.354 [pool-2-thread-3] INFO  WaitingRooms - fede2 << joined the lobby. connected clients in lobby: 3
2022-06-10 03:46:18.377 [pool-2-thread-3] INFO  GameInterface - it.polimi.ingsw.server.controller.GameInterface@7c2062fa: creating a new instance with players: [fede2, gio]
2022-06-10 03:46:18.417 [pool-2-thread-3] INFO  GameInterface - it.polimi.ingsw.server.controller.GameInterface@7c2062fa is sending an update to the clients.
2022-06-10 03:46:18.495 [pool-2-thread-3] INFO  WaitingRooms - Server: created normal game 1 with players: Clientusername=fede2, clientsSocket=Socketaddr=/127.0.0.1,port=52090,localport=12345, Clientusername=gio, clientsSocket=Socketaddr=/127.0.0.1,port=52089,localport=12345
2022-06-10 03:46:45.592 [pool-2-thread-3] INFO  ServerReceiver - Server received message: command
2022-06-10 03:52:02.340 [main] INFO  WaitingRooms - waiting room started
2022-06-10 03:52:02.344 [main] INFO  ServerMain - Starting server...
2022-06-10 03:52:02.352 [main] INFO  ServerMain - Server: Server ready on IP: 0.0.0.0/0.0.0.0 port: 12345
2022-06-10 03:54:34.604 [main] INFO  WaitingRooms - waiting room started
2022-06-10 03:54:34.608 [main] INFO  ServerMain - Starting server...
2022-06-10 03:54:34.621 [main] INFO  ServerMain - Server: Server ready on IP: 0.0.0.0/0.0.0.0 port: 12345
2022-06-10 03:54:55.015 [main] INFO  ServerMain - player connected on port 52431
2022-06-10 03:54:55.025 [main] INFO  WaitingRooms - new client added with no preferences. connected clients in lobby: 0
2022-06-10 03:54:55.174 [pool-2-thread-2] INFO  ServerReceiver - Server received message: preferences
2022-06-10 03:54:55.177 [pool-2-thread-2] INFO  WaitingRooms - gio << joined the lobby. connected clients in lobby: 1
2022-06-10 03:55:07.576 [main] INFO  ServerMain - player connected on port 52433
2022-06-10 03:55:07.577 [main] INFO  WaitingRooms - new client added with no preferences. connected clients in lobby: 2
2022-06-10 03:55:07.712 [pool-2-thread-3] INFO  ServerReceiver - Server received message: preferences
2022-06-10 03:55:07.713 [pool-2-thread-3] INFO  WaitingRooms - playcard 3 << joined the lobby. connected clients in lobby: 3
2022-06-10 03:55:07.731 [pool-2-thread-3] INFO  GameInterface - it.polimi.ingsw.server.controller.GameInterface@471600d: creating a new instance with players: [gio, playcard 3]
2022-06-10 03:55:07.775 [pool-2-thread-3] INFO  GameInterface - it.polimi.ingsw.server.controller.GameInterface@471600d is sending an update to the clients.
2022-06-10 03:55:07.874 [pool-2-thread-3] INFO  WaitingRooms - Server: created normal game 1 with players: Clientusername=gio, clientsSocket=Socketaddr=/127.0.0.1,port=52431,localport=12345, Clientusername=playcard 3, clientsSocket=Socketaddr=/127.0.0.1,port=52433,localport=12345
2022-06-10 03:55:10.880 [pool-2-thread-3] INFO  ServerReceiver - Server received message: command
2022-06-10 03:59:37.016 [main] INFO  WaitingRooms - waiting room started
2022-06-10 03:59:37.020 [main] INFO  ServerMain - Starting server...
2022-06-10 03:59:37.034 [main] INFO  ServerMain - Server: Server ready on IP: 0.0.0.0/0.0.0.0 port: 12345
2022-06-10 03:59:47.855 [main] INFO  ServerMain - player connected on port 52473
2022-06-10 03:59:47.862 [main] INFO  WaitingRooms - new client added with no preferences. connected clients in lobby: 0
2022-06-10 03:59:47.987 [pool-2-thread-2] INFO  ServerReceiver - Server received message: preferences
2022-06-10 03:59:47.991 [pool-2-thread-2] INFO  WaitingRooms - gio << joined the lobby. connected clients in lobby: 1
2022-06-10 04:00:29.672 [main] INFO  ServerMain - player connected on port 52478
2022-06-10 04:00:29.674 [main] INFO  WaitingRooms - new client added with no preferences. connected clients in lobby: 2
2022-06-10 04:00:29.809 [pool-2-thread-3] INFO  ServerReceiver - Server received message: preferences
2022-06-10 04:00:29.810 [pool-2-thread-3] INFO  WaitingRooms - fede Arce << joined the lobby. connected clients in lobby: 3
2022-06-10 04:00:29.828 [pool-2-thread-3] INFO  GameInterface - it.polimi.ingsw.server.controller.GameInterface@7b599b57: creating a new instance with players: [gio, fede Arce]
2022-06-10 04:00:29.868 [pool-2-thread-3] INFO  GameInterface - it.polimi.ingsw.server.controller.GameInterface@7b599b57 is sending an update to the clients.
2022-06-10 04:00:29.951 [pool-2-thread-3] INFO  WaitingRooms - Server: created normal game 1 with players: java.util.stream.ReferencePipeline$3@34a0b570
2022-06-10 04:01:11.069 [pool-2-thread-2] INFO  ServerReceiver - Server received message: command
2022-06-10 04:02:26.756 [main] INFO  WaitingRooms - waiting room started
2022-06-10 04:02:26.760 [main] INFO  ServerMain - Starting server...
2022-06-10 04:02:26.790 [main] INFO  ServerMain - Server: Server ready on IP: 0.0.0.0/0.0.0.0 port: 12345
2022-06-10 04:02:45.743 [main] INFO  ServerMain - player connected on port 52503
2022-06-10 04:02:45.763 [main] INFO  WaitingRooms - new client added with no preferences. connected clients in lobby: 0
2022-06-10 04:02:45.900 [pool-2-thread-2] INFO  ServerReceiver - Server received message: preferences
2022-06-10 04:02:45.902 [pool-2-thread-2] INFO  WaitingRooms -  << joined the lobby. connected clients in lobby: 1
2022-06-10 04:03:01.410 [main] INFO  ServerMain - player connected on port 52504
2022-06-10 04:03:01.411 [main] INFO  WaitingRooms - new client added with no preferences. connected clients in lobby: 2
2022-06-10 04:03:01.569 [pool-2-thread-3] INFO  ServerReceiver - Server received message: preferences
2022-06-10 04:03:01.570 [pool-2-thread-3] INFO  WaitingRooms - playcarf << joined the lobby. connected clients in lobby: 3
2022-06-10 04:03:01.594 [pool-2-thread-3] INFO  GameInterface - it.polimi.ingsw.server.controller.GameInterface@3c0b1b87: creating a new instance with players: [, playcarf]
2022-06-10 04:03:01.655 [pool-2-thread-3] INFO  GameInterface - it.polimi.ingsw.server.controller.GameInterface@3c0b1b87 is sending an update to the clients.
2022-06-10 04:03:01.736 [pool-2-thread-3] INFO  WaitingRooms - Server: created normal game 1 with players: [, playcarf]
2022-06-10 04:03:08.783 [pool-2-thread-3] INFO  ServerReceiver - Server received message: command
2022-06-10 04:05:14.809 [main] INFO  WaitingRooms - waiting room started
2022-06-10 04:05:14.818 [main] INFO  ServerMain - Starting server...
2022-06-10 04:05:14.837 [main] INFO  ServerMain - Server: Server ready on IP: 0.0.0.0/0.0.0.0 port: 12345
2022-06-10 04:05:18.623 [main] INFO  ServerMain - player connected on port 52522
2022-06-10 04:05:18.634 [main] INFO  WaitingRooms - new client added with no preferences. connected clients in lobby: 0
2022-06-10 04:05:18.776 [pool-2-thread-2] INFO  ServerReceiver - Server received message: preferences
2022-06-10 04:05:18.781 [pool-2-thread-2] INFO  WaitingRooms - gio << joined the lobby. connected clients in lobby: 1
2022-06-10 04:05:27.650 [main] INFO  ServerMain - player connected on port 52523
2022-06-10 04:05:27.651 [main] INFO  WaitingRooms - new client added with no preferences. connected clients in lobby: 2
2022-06-10 04:05:27.773 [pool-2-thread-3] INFO  ServerReceiver - Server received message: preferences
2022-06-10 04:05:27.774 [pool-2-thread-3] INFO  WaitingRooms - gio << joined the lobby. connected clients in lobby: 3
2022-06-10 04:05:27.794 [pool-2-thread-3] INFO  GameInterface - it.polimi.ingsw.server.controller.GameInterface@5c3213a3: creating a new instance with players: [gio, gio]
2022-06-10 04:05:27.834 [pool-2-thread-3] INFO  GameInterface - it.polimi.ingsw.server.controller.GameInterface@5c3213a3 is sending an update to the clients.
2022-06-10 04:05:27.897 [pool-2-thread-3] INFO  WaitingRooms - Server: created normal game 1 with players: [gio, gio]
2022-06-10 04:05:54.947 [pool-2-thread-2] INFO  ServerReceiver - Server received message: command
2022-06-10 04:07:02.635 [main] INFO  WaitingRooms - waiting room started
2022-06-10 04:07:02.639 [main] INFO  ServerMain - Starting server...
2022-06-10 04:07:02.648 [main] INFO  ServerMain - Server: Server ready on IP: 0.0.0.0/0.0.0.0 port: 12345
2022-06-10 04:07:10.433 [main] INFO  ServerMain - player connected on port 52543
2022-06-10 04:07:10.442 [main] INFO  WaitingRooms - new client added with no preferences. connected clients in lobby: 0
2022-06-10 04:07:10.578 [pool-2-thread-2] INFO  ServerReceiver - Server received message: preferences
2022-06-10 04:07:10.581 [pool-2-thread-2] INFO  WaitingRooms - gio << joined the lobby. connected clients in lobby: 1
2022-06-10 04:07:22.336 [main] INFO  ServerMain - player connected on port 52547
2022-06-10 04:07:22.337 [main] INFO  WaitingRooms - new client added with no preferences. connected clients in lobby: 2
2022-06-10 04:07:22.469 [pool-2-thread-3] INFO  ServerReceiver - Server received message: preferences
2022-06-10 04:07:22.470 [pool-2-thread-3] INFO  WaitingRooms - piergiorgio pasolini << joined the lobby. connected clients in lobby: 3
2022-06-10 04:07:22.485 [pool-2-thread-3] INFO  GameInterface - it.polimi.ingsw.server.controller.GameInterface@7b599b57: creating a new instance with players: [gio, piergiorgio pasolini]
2022-06-10 04:07:22.527 [pool-2-thread-3] INFO  GameInterface - it.polimi.ingsw.server.controller.GameInterface@7b599b57 is sending an update to the clients.
2022-06-10 04:07:22.610 [pool-2-thread-3] INFO  WaitingRooms - Server: created normal game 1 with players: [gio, piergiorgio pasolini]
2022-06-10 04:08:16.411 [pool-2-thread-2] INFO  ServerReceiver - Server received message: command
2022-06-10 04:09:16.924 [main] INFO  WaitingRooms - waiting room started
2022-06-10 04:09:16.928 [main] INFO  ServerMain - Starting server...
2022-06-10 04:09:16.940 [main] INFO  ServerMain - Server: Server ready on IP: 0.0.0.0/0.0.0.0 port: 12345
2022-06-10 04:09:32.794 [main] INFO  ServerMain - player connected on port 52630
2022-06-10 04:09:32.803 [main] INFO  WaitingRooms - new client added with no preferences. connected clients in lobby: 0
2022-06-10 04:09:32.947 [pool-2-thread-2] INFO  ServerReceiver - Server received message: preferences
2022-06-10 04:09:32.949 [pool-2-thread-2] INFO  WaitingRooms - giolo << joined the lobby. connected clients in lobby: 1
2022-06-10 04:09:50.146 [main] INFO  ServerMain - player connected on port 52695
2022-06-10 04:09:50.148 [main] INFO  WaitingRooms - new client added with no preferences. connected clients in lobby: 2
2022-06-10 04:09:50.268 [pool-2-thread-3] INFO  ServerReceiver - Server received message: preferences
2022-06-10 04:09:50.269 [pool-2-thread-3] INFO  WaitingRooms - playporcodio << joined the lobby. connected clients in lobby: 3
2022-06-10 04:09:50.286 [pool-2-thread-3] INFO  GameInterface - it.polimi.ingsw.server.controller.GameInterface@5c3213a3: creating a new instance with players: [playporcodio, giolo]
2022-06-10 04:09:50.328 [pool-2-thread-3] INFO  GameInterface - it.polimi.ingsw.server.controller.GameInterface@5c3213a3 is sending an update to the clients.
2022-06-10 04:09:50.384 [pool-2-thread-3] INFO  WaitingRooms - Server: created normal game 1 with players: [playporcodio, giolo]
2022-06-10 04:09:55.842 [pool-2-thread-3] INFO  ServerReceiver - Server received message: command
2022-06-10 04:10:47.260 [main] INFO  WaitingRooms - waiting room started
2022-06-10 04:10:47.263 [main] INFO  ServerMain - Starting server...
2022-06-10 04:10:47.271 [main] INFO  ServerMain - Server: Server ready on IP: 0.0.0.0/0.0.0.0 port: 12345
2022-06-10 04:10:56.464 [main] INFO  ServerMain - player connected on port 52768
2022-06-10 04:10:56.473 [main] INFO  WaitingRooms - new client added with no preferences. connected clients in lobby: 0
2022-06-10 04:10:56.636 [pool-2-thread-2] INFO  ServerReceiver - Server received message: preferences
2022-06-10 04:10:56.640 [pool-2-thread-2] INFO  WaitingRooms - dfede << joined the lobby. connected clients in lobby: 1
2022-06-10 04:11:05.645 [main] INFO  ServerMain - player connected on port 52779
2022-06-10 04:11:05.648 [main] INFO  WaitingRooms - new client added with no preferences. connected clients in lobby: 2
2022-06-10 04:11:05.766 [pool-2-thread-3] INFO  ServerReceiver - Server received message: preferences
2022-06-10 04:11:05.767 [pool-2-thread-3] INFO  WaitingRooms - givoooajf << joined the lobby. connected clients in lobby: 3
2022-06-10 04:11:05.783 [pool-2-thread-3] INFO  GameInterface - it.polimi.ingsw.server.controller.GameInterface@5c3213a3: creating a new instance with players: [givoooajf, dfede]
2022-06-10 04:11:05.831 [pool-2-thread-3] INFO  GameInterface - it.polimi.ingsw.server.controller.GameInterface@5c3213a3 is sending an update to the clients.
2022-06-10 04:11:05.912 [pool-2-thread-3] INFO  WaitingRooms - Server: created normal game 1 with players: [givoooajf, dfede]
2022-06-10 04:11:51.257 [pool-2-thread-3] INFO  ServerReceiver - Server received message: command
2022-06-10 04:11:51.289 [pool-2-thread-3] INFO  ServerReceiver - here is the command: Command{type=PLAY_CARD, username='givoooajf', motherNaturePositionShift=0, cardId=5, students=null, islandId=0, charName='null', cloudId=0}
2022-06-10 04:21:22.874 [main] INFO  WaitingRooms - waiting room started
2022-06-10 04:21:22.878 [main] INFO  ServerMain - Starting server...
2022-06-10 04:21:22.887 [main] INFO  ServerMain - Server: Server ready on IP: 0.0.0.0/0.0.0.0 port: 12345
2022-06-10 04:21:30.253 [main] INFO  ServerMain - player connected on port 53286
2022-06-10 04:21:30.261 [main] INFO  WaitingRooms - new client added with no preferences. connected clients in lobby: 0
2022-06-10 04:21:30.403 [pool-2-thread-2] INFO  ServerReceiver - Server received message: preferences
2022-06-10 04:21:30.407 [pool-2-thread-2] INFO  WaitingRooms - gio << joined the lobby. connected clients in lobby: 1
2022-06-10 04:21:43.415 [main] INFO  ServerMain - player connected on port 53287
2022-06-10 04:21:43.417 [main] INFO  WaitingRooms - new client added with no preferences. connected clients in lobby: 2
2022-06-10 04:21:43.553 [pool-2-thread-3] INFO  ServerReceiver - Server received message: preferences
2022-06-10 04:21:43.554 [pool-2-thread-3] INFO  WaitingRooms - fede << joined the lobby. connected clients in lobby: 3
2022-06-10 04:21:43.573 [pool-2-thread-3] INFO  GameInterface - it.polimi.ingsw.server.controller.GameInterface@1027e688: creating a new instance with players: [gio, fede]
2022-06-10 04:21:43.632 [pool-2-thread-3] INFO  GameInterface - it.polimi.ingsw.server.controller.GameInterface@1027e688 is sending an update to the clients.
2022-06-10 04:21:43.680 [pool-2-thread-3] INFO  WaitingRooms - Server: created normal game 1 with players: [gio, fede]
2022-06-10 04:21:53.970 [pool-2-thread-2] INFO  ServerReceiver - Server received message: command
2022-06-10 04:21:54.000 [pool-2-thread-2] INFO  GameInterface - it.polimi.ingsw.server.controller.GameInterface@1027e688 is executing command: Command{type=PLAY_CARD, username='gio', motherNaturePositionShift=0, cardId=2, students=null, islandId=0, charName='null', cloudId=0}
2022-06-10 04:22:08.880 [pool-2-thread-3] INFO  ServerReceiver - Server received message: command
2022-06-10 04:22:08.881 [pool-2-thread-3] INFO  GameInterface - it.polimi.ingsw.server.controller.GameInterface@1027e688 is executing command: Command{type=PLAY_CARD, username='fede', motherNaturePositionShift=0, cardId=4, students=null, islandId=0, charName='null', cloudId=0}
2022-06-10 04:22:58.426 [main] INFO  WaitingRooms - waiting room started
2022-06-10 04:22:58.429 [main] INFO  ServerMain - Starting server...
2022-06-10 04:22:58.437 [main] INFO  ServerMain - Server: Server ready on IP: 0.0.0.0/0.0.0.0 port: 12345
2022-06-10 04:23:12.272 [main] INFO  ServerMain - player connected on port 53476
2022-06-10 04:23:12.283 [main] INFO  WaitingRooms - new client added with no preferences. connected clients in lobby: 0
2022-06-10 04:23:12.425 [pool-2-thread-2] INFO  ServerReceiver - Server received message: preferences
2022-06-10 04:23:12.428 [pool-2-thread-2] INFO  WaitingRooms - gioo << joined the lobby. connected clients in lobby: 1
2022-06-10 04:23:25.756 [main] INFO  ServerMain - player connected on port 53493
2022-06-10 04:23:25.757 [main] INFO  WaitingRooms - new client added with no preferences. connected clients in lobby: 2
2022-06-10 04:23:25.890 [pool-2-thread-3] INFO  ServerReceiver - Server received message: preferences
2022-06-10 04:23:25.890 [pool-2-thread-3] INFO  WaitingRooms - fedeeloreinsimse << joined the lobby. connected clients in lobby: 3
2022-06-10 04:23:25.903 [pool-2-thread-3] INFO  GameInterface - it.polimi.ingsw.server.controller.GameInterface@1027e688: creating a new instance with players: [fedeeloreinsimse, gioo]
2022-06-10 04:23:25.951 [pool-2-thread-3] INFO  GameInterface - it.polimi.ingsw.server.controller.GameInterface@1027e688 is sending an update to the clients.
2022-06-10 04:23:26.012 [pool-2-thread-3] INFO  WaitingRooms - Server: created normal game 1 with players: [fedeeloreinsimse, gioo]
2022-06-10 04:23:30.243 [pool-2-thread-3] INFO  ServerReceiver - Server received message: command
2022-06-10 04:23:30.286 [pool-2-thread-3] INFO  GameInterface - it.polimi.ingsw.server.controller.GameInterface@1027e688 is executing command: Command{type=PLAY_CARD, username='fedeeloreinsimse', motherNaturePositionShift=0, cardId=2, students=null, islandId=0, charName='null', cloudId=0}
2022-06-10 04:23:30.290 [pool-2-thread-3] INFO  GameInterface - it.polimi.ingsw.server.controller.GameInterface@1027e688 is sending an update to the clients.
2022-06-10 04:26:12.925 [main] INFO  WaitingRooms - waiting room started
2022-06-10 04:26:12.927 [main] INFO  ServerMain - Starting server...
2022-06-10 04:26:12.936 [main] INFO  ServerMain - Server: Server ready on IP: 0.0.0.0/0.0.0.0 port: 12345
2022-06-10 04:26:29.741 [main] INFO  ServerMain - player connected on port 53644
2022-06-10 04:26:29.750 [main] INFO  WaitingRooms - new client added with no preferences. connected clients in lobby: 0
2022-06-10 04:26:29.884 [pool-2-thread-2] INFO  ServerReceiver - Server received message: preferences
2022-06-10 04:26:29.887 [pool-2-thread-2] INFO  WaitingRooms - fede << joined the lobby. connected clients in lobby: 1
2022-06-10 04:26:37.695 [main] INFO  ServerMain - player connected on port 53646
2022-06-10 04:26:37.696 [main] INFO  WaitingRooms - new client added with no preferences. connected clients in lobby: 2
2022-06-10 04:26:37.817 [pool-2-thread-3] INFO  ServerReceiver - Server received message: preferences
2022-06-10 04:26:37.818 [pool-2-thread-3] INFO  WaitingRooms - gio << joined the lobby. connected clients in lobby: 3
2022-06-10 04:26:37.829 [pool-2-thread-3] INFO  GameInterface - it.polimi.ingsw.server.controller.GameInterface@1027e688: creating a new instance with players: [fede, gio]
2022-06-10 04:26:37.831 [pool-2-thread-3] INFO  GameInterface - sockets are: [Socket[addr=/127.0.0.1,port=53644,localport=12345], Socket[addr=/127.0.0.1,port=53646,localport=12345]]
2022-06-10 04:26:37.879 [pool-2-thread-3] INFO  GameInterface - it.polimi.ingsw.server.controller.GameInterface@1027e688 is sending an update to the clients.
2022-06-10 04:26:37.967 [pool-2-thread-3] INFO  WaitingRooms - Server: created normal game 1 with players: [fede, gio]
2022-06-10 04:26:47.312 [pool-2-thread-3] INFO  ServerReceiver - Server received message: command
2022-06-10 04:26:47.350 [pool-2-thread-3] INFO  GameInterface - it.polimi.ingsw.server.controller.GameInterface@1027e688 is executing command: Command{type=PLAY_CARD, username='gio', motherNaturePositionShift=0, cardId=4, students=null, islandId=0, charName='null', cloudId=0}
2022-06-10 04:26:47.352 [pool-2-thread-3] INFO  GameInterface - it.polimi.ingsw.server.controller.GameInterface@1027e688 is sending an update to the clients.
2022-06-10 04:29:30.124 [main] INFO  WaitingRooms - waiting room started
2022-06-10 04:29:30.127 [main] INFO  ServerMain - Starting server...
2022-06-10 04:29:30.136 [main] INFO  ServerMain - Server: Server ready on IP: 0.0.0.0/0.0.0.0 port: 12345
2022-06-10 04:29:35.462 [main] INFO  ServerMain - player connected on port 53727
2022-06-10 04:29:35.475 [main] INFO  WaitingRooms - new client added with no preferences. connected clients in lobby: 0
2022-06-10 04:29:35.636 [pool-2-thread-2] INFO  ServerReceiver - Server received message: preferences
2022-06-10 04:29:35.641 [pool-2-thread-2] INFO  WaitingRooms - gio << joined the lobby. connected clients in lobby: 1
2022-06-10 04:29:40.907 [main] INFO  ServerMain - player connected on port 53728
2022-06-10 04:29:40.908 [main] INFO  WaitingRooms - new client added with no preferences. connected clients in lobby: 2
2022-06-10 04:29:41.047 [pool-2-thread-3] INFO  ServerReceiver - Server received message: preferences
2022-06-10 04:29:41.048 [pool-2-thread-3] INFO  WaitingRooms - feed << joined the lobby. connected clients in lobby: 3
2022-06-10 04:29:41.064 [pool-2-thread-3] INFO  GameInterface - it.polimi.ingsw.server.controller.GameInterface@1027e688: creating a new instance with players: [feed, gio]
2022-06-10 04:29:41.066 [pool-2-thread-3] INFO  GameInterface - sockets are: [Socket[addr=/127.0.0.1,port=53728,localport=12345], Socket[addr=/127.0.0.1,port=53727,localport=12345]]
2022-06-10 04:29:41.123 [pool-2-thread-3] INFO  GameInterface - it.polimi.ingsw.server.controller.GameInterface@1027e688 is sending an update to the clients.
2022-06-10 04:29:41.180 [pool-2-thread-3] INFO  WaitingRooms - Server: created normal game 1 with players: [feed, gio]
2022-06-10 04:29:47.537 [pool-2-thread-3] INFO  ServerReceiver - Server received message: command
2022-06-10 04:29:47.577 [pool-2-thread-3] INFO  GameInterface - it.polimi.ingsw.server.controller.GameInterface@1027e688 is executing command: Command{type=PLAY_CARD, username='feed', motherNaturePositionShift=0, cardId=2, students=null, islandId=0, charName='null', cloudId=0}
2022-06-10 04:29:47.582 [pool-2-thread-3] INFO  GameInterface - it.polimi.ingsw.server.controller.GameInterface@1027e688 is sending an update to the clients.
2022-06-10 04:32:18.326 [main] INFO  WaitingRooms - waiting room started
2022-06-10 04:32:18.329 [main] INFO  ServerMain - Starting server...
2022-06-10 04:32:18.339 [main] INFO  ServerMain - Server: Server ready on IP: 0.0.0.0/0.0.0.0 port: 12345
2022-06-10 04:32:22.792 [main] INFO  ServerMain - player connected on port 54004
2022-06-10 04:32:22.809 [main] INFO  WaitingRooms - new client added with no preferences. connected clients in lobby: 0
2022-06-10 04:32:22.961 [pool-2-thread-2] INFO  ServerReceiver - Server received message: preferences
2022-06-10 04:32:22.965 [pool-2-thread-2] INFO  WaitingRooms - fede << joined the lobby. connected clients in lobby: 1
2022-06-10 04:32:31.257 [main] INFO  ServerMain - player connected on port 54005
2022-06-10 04:32:31.259 [main] INFO  WaitingRooms - new client added with no preferences. connected clients in lobby: 2
2022-06-10 04:32:31.380 [pool-2-thread-3] INFO  ServerReceiver - Server received message: preferences
2022-06-10 04:32:31.381 [pool-2-thread-3] INFO  WaitingRooms -  << joined the lobby. connected clients in lobby: 3
2022-06-10 04:32:31.403 [pool-2-thread-3] INFO  GameInterface - it.polimi.ingsw.server.controller.GameInterface@42456132: creating a new instance with players: [fede, ]
2022-06-10 04:32:31.405 [pool-2-thread-3] INFO  GameInterface - sockets are: [Socket[addr=/127.0.0.1,port=54004,localport=12345], Socket[addr=/127.0.0.1,port=54005,localport=12345]]
2022-06-10 04:32:31.475 [pool-2-thread-3] INFO  GameInterface - it.polimi.ingsw.server.controller.GameInterface@42456132 is sending an update to the clients.
2022-06-10 04:32:31.603 [pool-2-thread-3] INFO  WaitingRooms - Server: created normal game 1 with players: [fede, ]
2022-06-10 04:32:39.712 [pool-2-thread-3] INFO  ServerReceiver - Server received message: command
2022-06-10 04:32:39.734 [pool-2-thread-3] INFO  GameInterface - it.polimi.ingsw.server.controller.GameInterface@42456132 is executing command: Command{type=PLAY_CARD, username='', motherNaturePositionShift=0, cardId=3, students=null, islandId=0, charName='null', cloudId=0}
2022-06-10 04:32:39.738 [pool-2-thread-3] INFO  GameInterface - it.polimi.ingsw.server.controller.GameInterface@42456132 is sending an update to the clients.
2022-06-10 04:32:50.832 [pool-2-thread-2] INFO  ServerReceiver - Server received message: command
2022-06-10 04:32:50.836 [pool-2-thread-2] INFO  GameInterface - it.polimi.ingsw.server.controller.GameInterface@42456132 is executing command: Command{type=PLAY_CARD, username='fede', motherNaturePositionShift=0, cardId=5, students=null, islandId=0, charName='null', cloudId=0}
2022-06-10 04:32:50.841 [pool-2-thread-2] INFO  GameInterface - it.polimi.ingsw.server.controller.GameInterface@42456132 is sending an update to the clients.
2022-06-10 15:22:27.477 [main] INFO  WaitingRooms - waiting room started
2022-06-10 15:22:27.481 [main] INFO  ServerMain - Starting server...
2022-06-10 15:22:27.491 [main] INFO  ServerMain - Server: Server ready on IP: 0.0.0.0/0.0.0.0 port: 12345
2022-06-10 15:22:50.721 [main] INFO  ServerMain - player connected on port 56986
2022-06-10 15:22:50.734 [main] INFO  WaitingRooms - new client added with no preferences. connected clients in lobby: 0
2022-06-10 15:22:50.861 [pool-2-thread-2] INFO  ServerReceiver - Server received message: preferences
2022-06-10 15:22:50.863 [pool-2-thread-2] INFO  WaitingRooms - gio << joined the lobby. connected clients in lobby: 1
2022-06-10 15:22:54.959 [main] INFO  ServerMain - player connected on port 56987
2022-06-10 15:22:54.960 [main] INFO  WaitingRooms - new client added with no preferences. connected clients in lobby: 2
2022-06-10 15:22:55.095 [pool-2-thread-3] INFO  ServerReceiver - Server received message: preferences
2022-06-10 15:22:55.096 [pool-2-thread-3] INFO  WaitingRooms - gio << joined the lobby. connected clients in lobby: 3
2022-06-10 15:22:55.119 [pool-2-thread-3] INFO  GameInterface - it.polimi.ingsw.server.controller.GameInterface@6c364102: creating a new instance with players: [gio, gio]
2022-06-10 15:22:55.120 [pool-2-thread-3] INFO  GameInterface - sockets are: [Socket[addr=/127.0.0.1,port=56987,localport=12345], Socket[addr=/127.0.0.1,port=56986,localport=12345]]
2022-06-10 15:22:55.167 [pool-2-thread-3] INFO  GameInterface - it.polimi.ingsw.server.controller.GameInterface@6c364102 is sending an update to the clients.
2022-06-10 15:22:55.172 [pool-2-thread-3] INFO  ClientList - sending messageupdated board data:
Islands: 
	Island 1: no towers, mother nature is Here!
	Island 2:  [32mgreen[0m 1, no towers
	Island 3:  [34mblue[0m 1, no towers
	Island 4:  [31mred[0m 1, no towers
	Island 5:  [35mpink[0m 1, no towers
	Island 6:  [35mpink[0m 1, no towers
	Island 7: no towers
	Island 8:  [38;2;252;233;79myellow[0m 1, no towers
	Island 9:  [32mgreen[0m 1, no towers
	Island 10:  [34mblue[0m 1, no towers
	Island 11:  [38;2;252;233;79myellow[0m 1, no towers
	Island 12:  [31mred[0m 1, no towers

Clouds: 
	Cloud 1 contains: [35mpink[0m, [31mred[0m, [35mpink[0m, available
	Cloud 2 contains: [31mred[0m, [32mgreen[0m, [35mpink[0m, available

Other Player castles:

Turn: 
	Game Phase: PLANNING
	Turn Order: gio, gio, 
	Current Player: gio
My Castle:
	Castle gio: 
		Students in waiting room: [34mblue[0m, [35mpink[0m, [32mgreen[0m, [35mpink[0m, [31mred[0m, [31mred[0m, [35mpink[0m
		Students in dining room: [32mgreen[0m: 0, [31mred[0m: 0, [38;2;252;233;79myellow[0m: 0, [35mpink[0m: 0, [34mblue[0m: 0
		Available Cards: [1, 1], [2, 1], [3, 2], [4, 2], [5, 3], [6, 3], [7, 4], [8, 4], [9, 5], [10, 5]
		You didn't played any card yet.
		Team: [37;40mBLACK[0m

2022-06-10 15:22:55.195 [pool-2-thread-3] INFO  ClientList - sending messageupdated board data:
Islands: 
	Island 1: no towers, mother nature is Here!
	Island 2:  [32mgreen[0m 1, no towers
	Island 3:  [34mblue[0m 1, no towers
	Island 4:  [31mred[0m 1, no towers
	Island 5:  [35mpink[0m 1, no towers
	Island 6:  [35mpink[0m 1, no towers
	Island 7: no towers
	Island 8:  [38;2;252;233;79myellow[0m 1, no towers
	Island 9:  [32mgreen[0m 1, no towers
	Island 10:  [34mblue[0m 1, no towers
	Island 11:  [38;2;252;233;79myellow[0m 1, no towers
	Island 12:  [31mred[0m 1, no towers

Clouds: 
	Cloud 1 contains: [35mpink[0m, [31mred[0m, [35mpink[0m, available
	Cloud 2 contains: [31mred[0m, [32mgreen[0m, [35mpink[0m, available

Other Player castles:

Turn: 
	Game Phase: PLANNING
	Turn Order: gio, gio, 
	Current Player: gio
My Castle:
	Castle gio: 
		Students in waiting room: [34mblue[0m, [35mpink[0m, [32mgreen[0m, [35mpink[0m, [31mred[0m, [31mred[0m, [35mpink[0m
		Students in dining room: [32mgreen[0m: 0, [31mred[0m: 0, [38;2;252;233;79myellow[0m: 0, [35mpink[0m: 0, [34mblue[0m: 0
		Available Cards: [1, 1], [2, 1], [3, 2], [4, 2], [5, 3], [6, 3], [7, 4], [8, 4], [9, 5], [10, 5]
		You didn't played any card yet.
		Team: [37;40mBLACK[0m

2022-06-10 15:22:55.221 [pool-2-thread-3] INFO  ClientList - sending messageupdated board data:
Islands: 
	Island 1: no towers, mother nature is Here!
	Island 2:  [32mgreen[0m 1, no towers
	Island 3:  [34mblue[0m 1, no towers
	Island 4:  [31mred[0m 1, no towers
	Island 5:  [35mpink[0m 1, no towers
	Island 6:  [35mpink[0m 1, no towers
	Island 7: no towers
	Island 8:  [38;2;252;233;79myellow[0m 1, no towers
	Island 9:  [32mgreen[0m 1, no towers
	Island 10:  [34mblue[0m 1, no towers
	Island 11:  [38;2;252;233;79myellow[0m 1, no towers
	Island 12:  [31mred[0m 1, no towers

Clouds: 
	Cloud 1 contains: [35mpink[0m, [31mred[0m, [35mpink[0m, available
	Cloud 2 contains: [31mred[0m, [32mgreen[0m, [35mpink[0m, available

Other Player castles:

Turn: 
	Game Phase: PLANNING
	Turn Order: gio, gio, 
	Current Player: gio
My Castle:
	Castle gio: 
		Students in waiting room: [34mblue[0m, [35mpink[0m, [32mgreen[0m, [35mpink[0m, [31mred[0m, [31mred[0m, [35mpink[0m
		Students in dining room: [32mgreen[0m: 0, [31mred[0m: 0, [38;2;252;233;79myellow[0m: 0, [35mpink[0m: 0, [34mblue[0m: 0
		Available Cards: [1, 1], [2, 1], [3, 2], [4, 2], [5, 3], [6, 3], [7, 4], [8, 4], [9, 5], [10, 5]
		You didn't played any card yet.
		Team: [37;40mBLACK[0m

2022-06-10 15:22:55.253 [pool-2-thread-3] INFO  WaitingRooms - Server: created normal game 1 with players: [gio, gio]
2022-06-10 15:23:39.379 [pool-2-thread-3] INFO  ServerReceiver - Server received message: command
2022-06-10 15:23:39.417 [pool-2-thread-3] INFO  GameInterface - it.polimi.ingsw.server.controller.GameInterface@6c364102 is executing command: Command{type=PLAY_CARD, username='gio', motherNaturePositionShift=0, cardId=2, students=null, islandId=0, charName='null', cloudId=0}
2022-06-10 15:23:39.421 [pool-2-thread-3] INFO  GameInterface - it.polimi.ingsw.server.controller.GameInterface@6c364102 is sending an update to the clients.
2022-06-10 15:23:47.686 [pool-2-thread-3] INFO  ServerReceiver - Server received message: command
2022-06-10 15:23:47.687 [pool-2-thread-3] INFO  GameInterface - it.polimi.ingsw.server.controller.GameInterface@6c364102 is executing command: Command{type=PLAY_CARD, username='gio', motherNaturePositionShift=0, cardId=3, students=null, islandId=0, charName='null', cloudId=0}
2022-06-10 15:23:47.709 [pool-2-thread-3] INFO  GameInterface - it.polimi.ingsw.server.controller.GameInterface@6c364102 is sending an update to the clients.
2022-06-10 15:33:07.310 [main] INFO  WaitingRooms - waiting room started
2022-06-10 15:33:07.313 [main] INFO  ServerMain - Starting server...
2022-06-10 15:33:07.323 [main] INFO  ServerMain - ready on IP: 0.0.0.0/0.0.0.0 port: 12345
2022-06-10 15:34:52.201 [main] INFO  ServerMain - player connected on port 57055
2022-06-10 15:34:52.211 [main] INFO  WaitingRooms - new client added with no preferences. connected clients in lobby: 0
2022-06-10 15:34:52.362 [pool-2-thread-2] INFO  ServerReceiver - Server received message: preferences
2022-06-10 15:34:52.365 [pool-2-thread-2] INFO  WaitingRooms - gio << joined the lobby. connected clients in lobby: 1
2022-06-10 15:35:02.343 [main] INFO  ServerMain - player connected on port 57059
2022-06-10 15:35:02.344 [main] INFO  WaitingRooms - new client added with no preferences. connected clients in lobby: 2
2022-06-10 15:35:02.463 [pool-2-thread-3] INFO  ServerReceiver - Server received message: preferences
2022-06-10 15:35:02.464 [pool-2-thread-3] INFO  WaitingRooms - fede << joined the lobby. connected clients in lobby: 3
2022-06-10 15:35:02.476 [pool-2-thread-3] INFO  GameInterface - it.polimi.ingsw.server.controller.GameInterface@23be725c: creating a new instance with players: [fede, gio]
2022-06-10 15:35:02.478 [pool-2-thread-3] INFO  GameInterface - sockets are: [Socket[addr=/127.0.0.1,port=57059,localport=12345], Socket[addr=/127.0.0.1,port=57055,localport=12345]]
2022-06-10 15:35:02.555 [pool-2-thread-3] INFO  GameInterface - it.polimi.ingsw.server.controller.GameInterface@23be725c is sending an update to the clients.
2022-06-10 15:35:02.561 [pool-2-thread-3] INFO  ClientList - sending messageupdated board data:
Islands: 
	Island 1: no towers, mother nature is Here!
	Island 2:  [32mgreen[0m 1, no towers
	Island 3:  [38;2;252;233;79myellow[0m 1, no towers
	Island 4:  [35mpink[0m 1, no towers
	Island 5:  [32mgreen[0m 1, no towers
	Island 6:  [34mblue[0m 1, no towers
	Island 7: no towers
	Island 8:  [38;2;252;233;79myellow[0m 1, no towers
	Island 9:  [35mpink[0m 1, no towers
	Island 10:  [34mblue[0m 1, no towers
	Island 11:  [31mred[0m 1, no towers
	Island 12:  [31mred[0m 1, no towers

Clouds: 
	Cloud 1 contains: [38;2;252;233;79myellow[0m, [34mblue[0m, [32mgreen[0m, available
	Cloud 2 contains: [34mblue[0m, [35mpink[0m, [31mred[0m, available

Other Player castles:
	Castle fede: 
		Students in waiting room: [31mred[0m, [38;2;252;233;79myellow[0m, [35mpink[0m, [38;2;252;233;79myellow[0m, [32mgreen[0m, [34mblue[0m, [32mgreen[0m
		Students in dining room: [32mgreen[0m: 0, [31mred[0m: 0, [38;2;252;233;79myellow[0m: 0, [35mpink[0m: 0, [34mblue[0m: 0
		The player has not played any card yet.
		Team: [30;47mWHITE[0m

Turn: 
	Game Phase: PLANNING
	Turn Order: fede, gio, 
	Current Player: fede
My Castle:
	Castle gio: 
		Students in waiting room: [34mblue[0m, [38;2;252;233;79myellow[0m, [35mpink[0m, [38;2;252;233;79myellow[0m, [31mred[0m, [32mgreen[0m, [38;2;252;233;79myellow[0m
		Students in dining room: [32mgreen[0m: 0, [31mred[0m: 0, [38;2;252;233;79myellow[0m: 0, [35mpink[0m: 0, [34mblue[0m: 0
		Available Cards: [1, 1], [2, 1], [3, 2], [4, 2], [5, 3], [6, 3], [7, 4], [8, 4], [9, 5], [10, 5]
		You didn't played any card yet.
		Team: [37;40mBLACK[0m

2022-06-10 15:35:02.586 [pool-2-thread-3] INFO  ClientList - sending messageupdated board data:
Islands: 
	Island 1: no towers, mother nature is Here!
	Island 2:  [32mgreen[0m 1, no towers
	Island 3:  [38;2;252;233;79myellow[0m 1, no towers
	Island 4:  [35mpink[0m 1, no towers
	Island 5:  [32mgreen[0m 1, no towers
	Island 6:  [34mblue[0m 1, no towers
	Island 7: no towers
	Island 8:  [38;2;252;233;79myellow[0m 1, no towers
	Island 9:  [35mpink[0m 1, no towers
	Island 10:  [34mblue[0m 1, no towers
	Island 11:  [31mred[0m 1, no towers
	Island 12:  [31mred[0m 1, no towers

Clouds: 
	Cloud 1 contains: [38;2;252;233;79myellow[0m, [34mblue[0m, [32mgreen[0m, available
	Cloud 2 contains: [34mblue[0m, [35mpink[0m, [31mred[0m, available

Other Player castles:
	Castle gio: 
		Students in waiting room: [34mblue[0m, [38;2;252;233;79myellow[0m, [35mpink[0m, [38;2;252;233;79myellow[0m, [31mred[0m, [32mgreen[0m, [38;2;252;233;79myellow[0m
		Students in dining room: [32mgreen[0m: 0, [31mred[0m: 0, [38;2;252;233;79myellow[0m: 0, [35mpink[0m: 0, [34mblue[0m: 0
		The player has not played any card yet.
		Team: [37;40mBLACK[0m

Turn: 
	Game Phase: PLANNING
	Turn Order: fede, gio, 
	Current Player: fede
My Castle:
	Castle fede: 
		Students in waiting room: [31mred[0m, [38;2;252;233;79myellow[0m, [35mpink[0m, [38;2;252;233;79myellow[0m, [32mgreen[0m, [34mblue[0m, [32mgreen[0m
		Students in dining room: [32mgreen[0m: 0, [31mred[0m: 0, [38;2;252;233;79myellow[0m: 0, [35mpink[0m: 0, [34mblue[0m: 0
		Available Cards: [1, 1], [2, 1], [3, 2], [4, 2], [5, 3], [6, 3], [7, 4], [8, 4], [9, 5], [10, 5]
		You didn't played any card yet.
		Team: [30;47mWHITE[0m

2022-06-10 15:35:02.610 [pool-2-thread-3] INFO  ClientList - sending messageupdated board data:
Islands: 
	Island 1: no towers, mother nature is Here!
	Island 2:  [32mgreen[0m 1, no towers
	Island 3:  [38;2;252;233;79myellow[0m 1, no towers
	Island 4:  [35mpink[0m 1, no towers
	Island 5:  [32mgreen[0m 1, no towers
	Island 6:  [34mblue[0m 1, no towers
	Island 7: no towers
	Island 8:  [38;2;252;233;79myellow[0m 1, no towers
	Island 9:  [35mpink[0m 1, no towers
	Island 10:  [34mblue[0m 1, no towers
	Island 11:  [31mred[0m 1, no towers
	Island 12:  [31mred[0m 1, no towers

Clouds: 
	Cloud 1 contains: [38;2;252;233;79myellow[0m, [34mblue[0m, [32mgreen[0m, available
	Cloud 2 contains: [34mblue[0m, [35mpink[0m, [31mred[0m, available

Other Player castles:
	Castle fede: 
		Students in waiting room: [31mred[0m, [38;2;252;233;79myellow[0m, [35mpink[0m, [38;2;252;233;79myellow[0m, [32mgreen[0m, [34mblue[0m, [32mgreen[0m
		Students in dining room: [32mgreen[0m: 0, [31mred[0m: 0, [38;2;252;233;79myellow[0m: 0, [35mpink[0m: 0, [34mblue[0m: 0
		The player has not played any card yet.
		Team: [30;47mWHITE[0m

Turn: 
	Game Phase: PLANNING
	Turn Order: fede, gio, 
	Current Player: fede
My Castle:
	Castle gio: 
		Students in waiting room: [34mblue[0m, [38;2;252;233;79myellow[0m, [35mpink[0m, [38;2;252;233;79myellow[0m, [31mred[0m, [32mgreen[0m, [38;2;252;233;79myellow[0m
		Students in dining room: [32mgreen[0m: 0, [31mred[0m: 0, [38;2;252;233;79myellow[0m: 0, [35mpink[0m: 0, [34mblue[0m: 0
		Available Cards: [1, 1], [2, 1], [3, 2], [4, 2], [5, 3], [6, 3], [7, 4], [8, 4], [9, 5], [10, 5]
		You didn't played any card yet.
		Team: [37;40mBLACK[0m

2022-06-10 15:35:02.656 [pool-2-thread-3] INFO  ClientList - sending messageupdated board data:
Islands: 
	Island 1: no towers, mother nature is Here!
	Island 2:  [32mgreen[0m 1, no towers
	Island 3:  [38;2;252;233;79myellow[0m 1, no towers
	Island 4:  [35mpink[0m 1, no towers
	Island 5:  [32mgreen[0m 1, no towers
	Island 6:  [34mblue[0m 1, no towers
	Island 7: no towers
	Island 8:  [38;2;252;233;79myellow[0m 1, no towers
	Island 9:  [35mpink[0m 1, no towers
	Island 10:  [34mblue[0m 1, no towers
	Island 11:  [31mred[0m 1, no towers
	Island 12:  [31mred[0m 1, no towers

Clouds: 
	Cloud 1 contains: [38;2;252;233;79myellow[0m, [34mblue[0m, [32mgreen[0m, available
	Cloud 2 contains: [34mblue[0m, [35mpink[0m, [31mred[0m, available

Other Player castles:
	Castle gio: 
		Students in waiting room: [34mblue[0m, [38;2;252;233;79myellow[0m, [35mpink[0m, [38;2;252;233;79myellow[0m, [31mred[0m, [32mgreen[0m, [38;2;252;233;79myellow[0m
		Students in dining room: [32mgreen[0m: 0, [31mred[0m: 0, [38;2;252;233;79myellow[0m: 0, [35mpink[0m: 0, [34mblue[0m: 0
		The player has not played any card yet.
		Team: [37;40mBLACK[0m

Turn: 
	Game Phase: PLANNING
	Turn Order: fede, gio, 
	Current Player: fede
My Castle:
	Castle fede: 
		Students in waiting room: [31mred[0m, [38;2;252;233;79myellow[0m, [35mpink[0m, [38;2;252;233;79myellow[0m, [32mgreen[0m, [34mblue[0m, [32mgreen[0m
		Students in dining room: [32mgreen[0m: 0, [31mred[0m: 0, [38;2;252;233;79myellow[0m: 0, [35mpink[0m: 0, [34mblue[0m: 0
		Available Cards: [1, 1], [2, 1], [3, 2], [4, 2], [5, 3], [6, 3], [7, 4], [8, 4], [9, 5], [10, 5]
		You didn't played any card yet.
		Team: [30;47mWHITE[0m

2022-06-10 15:35:02.712 [pool-2-thread-3] INFO  WaitingRooms - Server: created normal game 1 with players: [fede, gio]
2022-06-10 15:35:17.243 [pool-2-thread-3] INFO  ServerReceiver - Server received message: command
2022-06-10 15:35:17.274 [pool-2-thread-3] INFO  GameInterface - it.polimi.ingsw.server.controller.GameInterface@23be725c is executing command: Command{type=PLAY_CARD, username='fede', motherNaturePositionShift=0, cardId=2, students=null, islandId=0, charName='null', cloudId=0}
2022-06-10 15:35:17.280 [pool-2-thread-3] INFO  GameInterface - it.polimi.ingsw.server.controller.GameInterface@23be725c is sending an update to the clients.
2022-06-10 15:40:11.229 [main] INFO  WaitingRooms - waiting room started
2022-06-10 15:40:11.232 [main] INFO  ServerMain - Starting server...
2022-06-10 15:40:11.241 [main] INFO  ServerMain - ready on IP: 0.0.0.0/0.0.0.0 port: 12345
2022-06-10 15:40:15.034 [main] INFO  ServerMain - player connected on port 57105
2022-06-10 15:40:15.051 [main] INFO  WaitingRooms - new client added with no preferences. connected clients in lobby: 0
2022-06-10 15:40:15.175 [pool-2-thread-2] INFO  ServerReceiver - Server received message: preferences
2022-06-10 15:40:15.177 [pool-2-thread-2] INFO  WaitingRooms - gio << joined the lobby. connected clients in lobby: 1
2022-06-10 15:40:18.914 [main] INFO  ServerMain - player connected on port 57106
2022-06-10 15:40:18.915 [main] INFO  WaitingRooms - new client added with no preferences. connected clients in lobby: 1
2022-06-10 15:40:19.051 [pool-2-thread-3] INFO  ServerReceiver - Server received message: preferences
2022-06-10 15:40:19.052 [pool-2-thread-3] INFO  WaitingRooms - gio << joined the lobby. connected clients in lobby: 2
2022-06-10 15:40:19.063 [pool-2-thread-3] INFO  GameInterface - it.polimi.ingsw.server.controller.GameInterface@4786b4b3: creating a new instance with players: [gio, gio]
2022-06-10 15:40:19.065 [pool-2-thread-3] INFO  GameInterface - sockets are: [Socket[addr=/127.0.0.1,port=57105,localport=12345], Socket[addr=/127.0.0.1,port=57106,localport=12345]]
2022-06-10 15:40:19.140 [pool-2-thread-3] INFO  GameInterface - it.polimi.ingsw.server.controller.GameInterface@4786b4b3 is sending an update to the clients.
2022-06-10 15:40:19.145 [pool-2-thread-3] INFO  ClientList - sending messageupdated board data:
Islands: 
	Island 1: no towers, mother nature is Here!
	Island 2:  [35mpink[0m 1, no towers
	Island 3:  [38;2;252;233;79myellow[0m 1, no towers
	Island 4:  [34mblue[0m 1, no towers
	Island 5:  [31mred[0m 1, no towers
	Island 6:  [38;2;252;233;79myellow[0m 1, no towers
	Island 7: no towers
	Island 8:  [34mblue[0m 1, no towers
	Island 9:  [32mgreen[0m 1, no towers
	Island 10:  [35mpink[0m 1, no towers
	Island 11:  [31mred[0m 1, no towers
	Island 12:  [32mgreen[0m 1, no towers

Clouds: 
	Cloud 1 contains: [32mgreen[0m, [35mpink[0m, [35mpink[0m, available
	Cloud 2 contains: [38;2;252;233;79myellow[0m, [35mpink[0m, [31mred[0m, available

Other Player castles:

Turn: 
	Game Phase: PLANNING
	Turn Order: gio, gio, 
	Current Player: gio
My Castle:
	Castle gio: 
		Students in waiting room: [35mpink[0m, [34mblue[0m, [34mblue[0m, [34mblue[0m, [32mgreen[0m, [34mblue[0m, [34mblue[0m
		Students in dining room: [32mgreen[0m: 0, [31mred[0m: 0, [38;2;252;233;79myellow[0m: 0, [35mpink[0m: 0, [34mblue[0m: 0
		Available Cards: [1, 1], [2, 1], [3, 2], [4, 2], [5, 3], [6, 3], [7, 4], [8, 4], [9, 5], [10, 5]
		You didn't played any card yet.
		Team: [37;40mBLACK[0m

2022-06-10 15:40:19.157 [pool-2-thread-3] INFO  ClientList - sending messageupdated board data:
Islands: 
	Island 1: no towers, mother nature is Here!
	Island 2:  [35mpink[0m 1, no towers
	Island 3:  [38;2;252;233;79myellow[0m 1, no towers
	Island 4:  [34mblue[0m 1, no towers
	Island 5:  [31mred[0m 1, no towers
	Island 6:  [38;2;252;233;79myellow[0m 1, no towers
	Island 7: no towers
	Island 8:  [34mblue[0m 1, no towers
	Island 9:  [32mgreen[0m 1, no towers
	Island 10:  [35mpink[0m 1, no towers
	Island 11:  [31mred[0m 1, no towers
	Island 12:  [32mgreen[0m 1, no towers

Clouds: 
	Cloud 1 contains: [32mgreen[0m, [35mpink[0m, [35mpink[0m, available
	Cloud 2 contains: [38;2;252;233;79myellow[0m, [35mpink[0m, [31mred[0m, available

Other Player castles:

Turn: 
	Game Phase: PLANNING
	Turn Order: gio, gio, 
	Current Player: gio
My Castle:
	Castle gio: 
		Students in waiting room: [35mpink[0m, [34mblue[0m, [34mblue[0m, [34mblue[0m, [32mgreen[0m, [34mblue[0m, [34mblue[0m
		Students in dining room: [32mgreen[0m: 0, [31mred[0m: 0, [38;2;252;233;79myellow[0m: 0, [35mpink[0m: 0, [34mblue[0m: 0
		Available Cards: [1, 1], [2, 1], [3, 2], [4, 2], [5, 3], [6, 3], [7, 4], [8, 4], [9, 5], [10, 5]
		You didn't played any card yet.
		Team: [37;40mBLACK[0m

2022-06-10 15:40:19.176 [pool-2-thread-3] INFO  ClientList - sending messageupdated board data:
Islands: 
	Island 1: no towers, mother nature is Here!
	Island 2:  [35mpink[0m 1, no towers
	Island 3:  [38;2;252;233;79myellow[0m 1, no towers
	Island 4:  [34mblue[0m 1, no towers
	Island 5:  [31mred[0m 1, no towers
	Island 6:  [38;2;252;233;79myellow[0m 1, no towers
	Island 7: no towers
	Island 8:  [34mblue[0m 1, no towers
	Island 9:  [32mgreen[0m 1, no towers
	Island 10:  [35mpink[0m 1, no towers
	Island 11:  [31mred[0m 1, no towers
	Island 12:  [32mgreen[0m 1, no towers

Clouds: 
	Cloud 1 contains: [32mgreen[0m, [35mpink[0m, [35mpink[0m, available
	Cloud 2 contains: [38;2;252;233;79myellow[0m, [35mpink[0m, [31mred[0m, available

Other Player castles:

Turn: 
	Game Phase: PLANNING
	Turn Order: gio, gio, 
	Current Player: gio
My Castle:
	Castle gio: 
		Students in waiting room: [35mpink[0m, [34mblue[0m, [34mblue[0m, [34mblue[0m, [32mgreen[0m, [34mblue[0m, [34mblue[0m
		Students in dining room: [32mgreen[0m: 0, [31mred[0m: 0, [38;2;252;233;79myellow[0m: 0, [35mpink[0m: 0, [34mblue[0m: 0
		Available Cards: [1, 1], [2, 1], [3, 2], [4, 2], [5, 3], [6, 3], [7, 4], [8, 4], [9, 5], [10, 5]
		You didn't played any card yet.
		Team: [37;40mBLACK[0m

2022-06-10 15:40:19.218 [pool-2-thread-3] INFO  WaitingRooms - Server: created normal game 1 with players: [gio, gio]
2022-06-10 15:46:08.744 [main] INFO  WaitingRooms - waiting room started
2022-06-10 15:46:08.748 [main] INFO  ServerMain - Starting server...
2022-06-10 15:46:08.758 [main] INFO  ServerMain - ready on IP: 0.0.0.0/0.0.0.0 port: 12345
2022-06-10 15:46:09.579 [main] INFO  ServerMain - player connected on port 57140
2022-06-10 15:46:09.596 [main] INFO  WaitingRooms - new client added with no preferences. connected clients in lobby: 0
2022-06-10 15:46:09.713 [pool-2-thread-2] INFO  ServerReceiver - Server received message: preferences
2022-06-10 15:46:09.716 [pool-2-thread-2] INFO  WaitingRooms - gio << joined the lobby. connected clients in lobby: 1
2022-06-10 15:46:14.631 [main] INFO  ServerMain - player connected on port 57141
2022-06-10 15:46:14.633 [main] INFO  WaitingRooms - new client added with no preferences. connected clients in lobby: 1
2022-06-10 15:46:14.770 [pool-2-thread-3] INFO  ServerReceiver - Server received message: preferences
2022-06-10 15:46:14.771 [pool-2-thread-3] INFO  WaitingRooms - fede << joined the lobby. connected clients in lobby: 2
2022-06-10 15:46:14.780 [pool-2-thread-3] INFO  GameInterface - it.polimi.ingsw.server.controller.GameInterface@31bb3cb4: creating a new instance with players: [gio, fede]
2022-06-10 15:46:14.781 [pool-2-thread-3] INFO  GameInterface - sockets are: [Socket[addr=/127.0.0.1,port=57140,localport=12345], Socket[addr=/127.0.0.1,port=57141,localport=12345]]
2022-06-10 15:46:14.845 [pool-2-thread-3] INFO  GameInterface - it.polimi.ingsw.server.controller.GameInterface@31bb3cb4 is sending an update to the clients.
2022-06-10 15:46:14.848 [pool-2-thread-3] INFO  ClientList - sending messageupdated board data:
Islands: 
	Island 1: no towers, mother nature is Here!
	Island 2:  [34mblue[0m 1, no towers
	Island 3:  [31mred[0m 1, no towers
	Island 4:  [31mred[0m 1, no towers
	Island 5:  [35mpink[0m 1, no towers
	Island 6:  [38;2;252;233;79myellow[0m 1, no towers
	Island 7: no towers
	Island 8:  [35mpink[0m 1, no towers
	Island 9:  [34mblue[0m 1, no towers
	Island 10:  [38;2;252;233;79myellow[0m 1, no towers
	Island 11:  [32mgreen[0m 1, no towers
	Island 12:  [32mgreen[0m 1, no towers

Clouds: 
	Cloud 1 contains: [31mred[0m, [31mred[0m, [31mred[0m, available
	Cloud 2 contains: [35mpink[0m, [34mblue[0m, [31mred[0m, available

Other Player castles:
	Castle gio: 
		Students in waiting room: [32mgreen[0m, [32mgreen[0m, [35mpink[0m, [34mblue[0m, [31mred[0m, [38;2;252;233;79myellow[0m, [31mred[0m
		Students in dining room: [32mgreen[0m: 0, [31mred[0m: 0, [38;2;252;233;79myellow[0m: 0, [35mpink[0m: 0, [34mblue[0m: 0
		The player has not played any card yet.
		Team: [30;47mWHITE[0m

Turn: 
	Game Phase: PLANNING
	Turn Order: gio, fede, 
	Current Player: gio
My Castle:
	Castle fede: 
		Students in waiting room: [34mblue[0m, [35mpink[0m, [31mred[0m, [34mblue[0m, [35mpink[0m, [32mgreen[0m, [34mblue[0m
		Students in dining room: [32mgreen[0m: 0, [31mred[0m: 0, [38;2;252;233;79myellow[0m: 0, [35mpink[0m: 0, [34mblue[0m: 0
		Available Cards: [1, 1], [2, 1], [3, 2], [4, 2], [5, 3], [6, 3], [7, 4], [8, 4], [9, 5], [10, 5]
		You didn't played any card yet.
		Team: [37;40mBLACK[0m

2022-06-10 15:46:14.861 [pool-2-thread-3] INFO  ClientList - sending messageupdated board data:
Islands: 
	Island 1: no towers, mother nature is Here!
	Island 2:  [34mblue[0m 1, no towers
	Island 3:  [31mred[0m 1, no towers
	Island 4:  [31mred[0m 1, no towers
	Island 5:  [35mpink[0m 1, no towers
	Island 6:  [38;2;252;233;79myellow[0m 1, no towers
	Island 7: no towers
	Island 8:  [35mpink[0m 1, no towers
	Island 9:  [34mblue[0m 1, no towers
	Island 10:  [38;2;252;233;79myellow[0m 1, no towers
	Island 11:  [32mgreen[0m 1, no towers
	Island 12:  [32mgreen[0m 1, no towers

Clouds: 
	Cloud 1 contains: [31mred[0m, [31mred[0m, [31mred[0m, available
	Cloud 2 contains: [35mpink[0m, [34mblue[0m, [31mred[0m, available

Other Player castles:
	Castle fede: 
		Students in waiting room: [34mblue[0m, [35mpink[0m, [31mred[0m, [34mblue[0m, [35mpink[0m, [32mgreen[0m, [34mblue[0m
		Students in dining room: [32mgreen[0m: 0, [31mred[0m: 0, [38;2;252;233;79myellow[0m: 0, [35mpink[0m: 0, [34mblue[0m: 0
		The player has not played any card yet.
		Team: [37;40mBLACK[0m

Turn: 
	Game Phase: PLANNING
	Turn Order: gio, fede, 
	Current Player: gio
My Castle:
	Castle gio: 
		Students in waiting room: [32mgreen[0m, [32mgreen[0m, [35mpink[0m, [34mblue[0m, [31mred[0m, [38;2;252;233;79myellow[0m, [31mred[0m
		Students in dining room: [32mgreen[0m: 0, [31mred[0m: 0, [38;2;252;233;79myellow[0m: 0, [35mpink[0m: 0, [34mblue[0m: 0
		Available Cards: [1, 1], [2, 1], [3, 2], [4, 2], [5, 3], [6, 3], [7, 4], [8, 4], [9, 5], [10, 5]
		You didn't played any card yet.
		Team: [30;47mWHITE[0m

2022-06-10 15:46:14.879 [pool-2-thread-3] INFO  ClientList - sending messageupdated board data:
Islands: 
	Island 1: no towers, mother nature is Here!
	Island 2:  [34mblue[0m 1, no towers
	Island 3:  [31mred[0m 1, no towers
	Island 4:  [31mred[0m 1, no towers
	Island 5:  [35mpink[0m 1, no towers
	Island 6:  [38;2;252;233;79myellow[0m 1, no towers
	Island 7: no towers
	Island 8:  [35mpink[0m 1, no towers
	Island 9:  [34mblue[0m 1, no towers
	Island 10:  [38;2;252;233;79myellow[0m 1, no towers
	Island 11:  [32mgreen[0m 1, no towers
	Island 12:  [32mgreen[0m 1, no towers

Clouds: 
	Cloud 1 contains: [31mred[0m, [31mred[0m, [31mred[0m, available
	Cloud 2 contains: [35mpink[0m, [34mblue[0m, [31mred[0m, available

Other Player castles:
	Castle gio: 
		Students in waiting room: [32mgreen[0m, [32mgreen[0m, [35mpink[0m, [34mblue[0m, [31mred[0m, [38;2;252;233;79myellow[0m, [31mred[0m
		Students in dining room: [32mgreen[0m: 0, [31mred[0m: 0, [38;2;252;233;79myellow[0m: 0, [35mpink[0m: 0, [34mblue[0m: 0
		The player has not played any card yet.
		Team: [30;47mWHITE[0m

Turn: 
	Game Phase: PLANNING
	Turn Order: gio, fede, 
	Current Player: gio
My Castle:
	Castle fede: 
		Students in waiting room: [34mblue[0m, [35mpink[0m, [31mred[0m, [34mblue[0m, [35mpink[0m, [32mgreen[0m, [34mblue[0m
		Students in dining room: [32mgreen[0m: 0, [31mred[0m: 0, [38;2;252;233;79myellow[0m: 0, [35mpink[0m: 0, [34mblue[0m: 0
		Available Cards: [1, 1], [2, 1], [3, 2], [4, 2], [5, 3], [6, 3], [7, 4], [8, 4], [9, 5], [10, 5]
		You didn't played any card yet.
		Team: [37;40mBLACK[0m

2022-06-10 15:46:14.908 [pool-2-thread-3] INFO  ClientList - sending messageupdated board data:
Islands: 
	Island 1: no towers, mother nature is Here!
	Island 2:  [34mblue[0m 1, no towers
	Island 3:  [31mred[0m 1, no towers
	Island 4:  [31mred[0m 1, no towers
	Island 5:  [35mpink[0m 1, no towers
	Island 6:  [38;2;252;233;79myellow[0m 1, no towers
	Island 7: no towers
	Island 8:  [35mpink[0m 1, no towers
	Island 9:  [34mblue[0m 1, no towers
	Island 10:  [38;2;252;233;79myellow[0m 1, no towers
	Island 11:  [32mgreen[0m 1, no towers
	Island 12:  [32mgreen[0m 1, no towers

Clouds: 
	Cloud 1 contains: [31mred[0m, [31mred[0m, [31mred[0m, available
	Cloud 2 contains: [35mpink[0m, [34mblue[0m, [31mred[0m, available

Other Player castles:
	Castle fede: 
		Students in waiting room: [34mblue[0m, [35mpink[0m, [31mred[0m, [34mblue[0m, [35mpink[0m, [32mgreen[0m, [34mblue[0m
		Students in dining room: [32mgreen[0m: 0, [31mred[0m: 0, [38;2;252;233;79myellow[0m: 0, [35mpink[0m: 0, [34mblue[0m: 0
		The player has not played any card yet.
		Team: [37;40mBLACK[0m

Turn: 
	Game Phase: PLANNING
	Turn Order: gio, fede, 
	Current Player: gio
My Castle:
	Castle gio: 
		Students in waiting room: [32mgreen[0m, [32mgreen[0m, [35mpink[0m, [34mblue[0m, [31mred[0m, [38;2;252;233;79myellow[0m, [31mred[0m
		Students in dining room: [32mgreen[0m: 0, [31mred[0m: 0, [38;2;252;233;79myellow[0m: 0, [35mpink[0m: 0, [34mblue[0m: 0
		Available Cards: [1, 1], [2, 1], [3, 2], [4, 2], [5, 3], [6, 3], [7, 4], [8, 4], [9, 5], [10, 5]
		You didn't played any card yet.
		Team: [30;47mWHITE[0m

2022-06-10 15:46:14.960 [pool-2-thread-3] INFO  WaitingRooms - Server: created normal game 1 with players: [gio, fede]
2022-06-10 15:47:10.445 [pool-2-thread-2] INFO  ServerReceiver - Server received message: command
2022-06-10 15:47:10.471 [pool-2-thread-2] INFO  GameInterface - it.polimi.ingsw.server.controller.GameInterface@31bb3cb4 is executing command: Command{type=PLAY_CARD, username='gio', motherNaturePositionShift=0, cardId=2, students=null, islandId=0, charName='null', cloudId=0}
2022-06-10 15:47:10.475 [pool-2-thread-2] INFO  GameInterface - it.polimi.ingsw.server.controller.GameInterface@31bb3cb4 is sending an update to the clients.
2022-06-10 15:50:28.208 [main] INFO  WaitingRooms - waiting room started
2022-06-10 15:50:28.211 [main] INFO  ServerMain - Starting server...
2022-06-10 15:50:28.221 [main] INFO  ServerMain - ready on IP: 0.0.0.0/0.0.0.0 port: 12345
2022-06-10 15:53:42.680 [main] INFO  ServerMain - player connected on port 57195
2022-06-10 15:53:42.690 [main] INFO  WaitingRooms - new client added with no preferences. connected clients in lobby: 0
2022-06-10 15:53:42.813 [pool-2-thread-2] INFO  ServerReceiver - Server received message: preferences
2022-06-10 15:53:42.815 [pool-2-thread-2] INFO  WaitingRooms - gio << joined the lobby. connected clients in lobby: 1
2022-06-10 15:53:46.353 [main] INFO  ServerMain - player connected on port 57196
2022-06-10 15:53:46.355 [main] INFO  WaitingRooms - new client added with no preferences. connected clients in lobby: 1
2022-06-10 15:53:46.496 [pool-2-thread-3] INFO  ServerReceiver - Server received message: preferences
2022-06-10 15:53:46.498 [pool-2-thread-3] INFO  WaitingRooms - fede << joined the lobby. connected clients in lobby: 2
2022-06-10 15:53:46.512 [pool-2-thread-3] INFO  GameInterface - it.polimi.ingsw.server.controller.GameInterface@31bb3cb4: creating a new instance with players: [gio, fede]
2022-06-10 15:53:46.513 [pool-2-thread-3] INFO  GameInterface - sockets are: [Socket[addr=/127.0.0.1,port=57195,localport=12345], Socket[addr=/127.0.0.1,port=57196,localport=12345]]
2022-06-10 15:53:46.580 [pool-2-thread-3] INFO  GameInterface - it.polimi.ingsw.server.controller.GameInterface@31bb3cb4 is sending an update to the clients.
2022-06-10 15:53:46.691 [pool-2-thread-3] INFO  WaitingRooms - Server: created normal game 1 with players: [gio, fede]
2022-06-10 15:54:00.031 [pool-2-thread-2] INFO  ServerReceiver - Server received message: command
2022-06-10 15:54:00.066 [pool-2-thread-2] INFO  GameInterface - it.polimi.ingsw.server.controller.GameInterface@31bb3cb4 is executing command: Command{type=PLAY_CARD, username='gio', motherNaturePositionShift=0, cardId=2, students=null, islandId=0, charName='null', cloudId=0}
2022-06-10 15:54:00.068 [pool-2-thread-2] INFO  GameInterface - it.polimi.ingsw.server.controller.GameInterface@31bb3cb4 is sending an update to the clients.
2022-06-10 15:55:54.841 [main] INFO  WaitingRooms - waiting room started
2022-06-10 15:55:54.846 [main] INFO  ServerMain - Starting server...
2022-06-10 15:55:54.862 [main] INFO  ServerMain - ready on IP: 0.0.0.0/0.0.0.0 port: 12345
2022-06-10 15:56:05.535 [main] INFO  ServerMain - player connected on port 57208
2022-06-10 15:56:05.547 [main] INFO  WaitingRooms - new client added with no preferences. connected clients in lobby: 0
2022-06-10 15:56:05.672 [pool-2-thread-2] INFO  ServerReceiver - Server received message: preferences
2022-06-10 15:56:05.674 [pool-2-thread-2] INFO  WaitingRooms - gio << joined the lobby. connected clients in lobby: 1
2022-06-10 15:56:14.398 [main] INFO  ServerMain - player connected on port 57209
2022-06-10 15:56:14.399 [main] INFO  WaitingRooms - new client added with no preferences. connected clients in lobby: 1
2022-06-10 15:56:14.536 [pool-2-thread-3] INFO  ServerReceiver - Server received message: preferences
2022-06-10 15:56:14.537 [pool-2-thread-3] INFO  WaitingRooms - fede << joined the lobby. connected clients in lobby: 2
2022-06-10 15:56:14.547 [pool-2-thread-3] INFO  GameInterface - it.polimi.ingsw.server.controller.GameInterface@6c364102: creating a new instance with players: [fede, gio]
2022-06-10 15:56:14.549 [pool-2-thread-3] INFO  GameInterface - sockets are: [Socket[addr=/127.0.0.1,port=57209,localport=12345], Socket[addr=/127.0.0.1,port=57208,localport=12345]]
2022-06-10 15:56:14.605 [pool-2-thread-3] INFO  GameInterface - it.polimi.ingsw.server.controller.GameInterface@6c364102 is sending an update to the clients.
2022-06-10 15:56:14.719 [pool-2-thread-3] INFO  WaitingRooms - Server: created normal game 1 with players: [fede, gio]
2022-06-10 15:56:21.710 [pool-2-thread-3] INFO  ServerReceiver - Server received message: command
2022-06-10 15:56:21.740 [pool-2-thread-3] INFO  GameInterface - it.polimi.ingsw.server.controller.GameInterface@6c364102 is executing command: Command{type=PLAY_CARD, username='fede', motherNaturePositionShift=0, cardId=2, students=null, islandId=0, charName='null', cloudId=0}
2022-06-10 15:56:21.743 [pool-2-thread-3] INFO  GameInterface - it.polimi.ingsw.server.controller.GameInterface@6c364102 is sending an update to the clients.
2022-06-10 16:02:48.685 [main] INFO  WaitingRooms - waiting room started
2022-06-10 16:02:48.689 [main] INFO  ServerMain - Starting server...
2022-06-10 16:02:48.699 [main] INFO  ServerMain - ready on IP: 0.0.0.0/0.0.0.0 port: 12345
2022-06-10 16:02:53.659 [main] INFO  ServerMain - player connected on port 57235
2022-06-10 16:02:53.670 [main] INFO  WaitingRooms - new client added with no preferences. connected clients in lobby: 0
2022-06-10 16:02:53.796 [pool-2-thread-2] INFO  ServerReceiver - Server received message: preferences
2022-06-10 16:02:53.798 [pool-2-thread-2] INFO  WaitingRooms - gio << joined the lobby. connected clients in lobby: 1
2022-06-10 16:02:56.781 [main] INFO  ServerMain - player connected on port 57236
2022-06-10 16:02:56.782 [main] INFO  WaitingRooms - new client added with no preferences. connected clients in lobby: 1
2022-06-10 16:02:56.916 [pool-2-thread-3] INFO  ServerReceiver - Server received message: preferences
2022-06-10 16:02:56.917 [pool-2-thread-3] INFO  WaitingRooms - fede << joined the lobby. connected clients in lobby: 2
2022-06-10 16:02:56.933 [pool-2-thread-3] INFO  GameInterface - it.polimi.ingsw.server.controller.GameInterface@19de65b6: creating a new instance with players: [gio, fede]
2022-06-10 16:02:56.940 [pool-2-thread-3] INFO  GameInterface - sockets are: [Socket[addr=/127.0.0.1,port=57235,localport=12345], Socket[addr=/127.0.0.1,port=57236,localport=12345]]
2022-06-10 16:02:56.986 [pool-2-thread-3] INFO  GameInterface - it.polimi.ingsw.server.controller.GameInterface@19de65b6 is sending an update to the clients.
2022-06-10 16:02:57.092 [pool-2-thread-3] INFO  WaitingRooms - Server: created normal game 1 with players: [gio, fede]
2022-06-10 16:03:04.620 [pool-2-thread-2] INFO  ServerReceiver - Server received message: command
2022-06-10 16:03:04.659 [pool-2-thread-2] INFO  GameInterface - it.polimi.ingsw.server.controller.GameInterface@19de65b6 is executing command: Command{type=PLAY_CARD, username='gio', motherNaturePositionShift=0, cardId=3, students=null, islandId=0, charName='null', cloudId=0}
2022-06-10 16:03:04.662 [pool-2-thread-2] INFO  GameInterface - it.polimi.ingsw.server.controller.GameInterface@19de65b6 is sending an update to the clients.
2022-06-10 16:13:22.639 [main] INFO  WaitingRooms - waiting room started
2022-06-10 16:13:22.643 [main] INFO  ServerMain - Starting server...
2022-06-10 16:13:22.663 [main] INFO  ServerMain - ready on IP: 0.0.0.0/0.0.0.0 port: 12345
2022-06-10 16:13:27.595 [main] INFO  ServerMain - player connected on port 57324
2022-06-10 16:13:27.607 [main] INFO  WaitingRooms - new client added with no preferences. connected clients in lobby: 0
2022-06-10 16:13:27.732 [pool-2-thread-2] INFO  ServerReceiver - Server received message: preferences
2022-06-10 16:13:27.735 [pool-2-thread-2] INFO  WaitingRooms - gio << joined the lobby. connected clients in lobby: 1
2022-06-10 16:13:39.570 [main] INFO  ServerMain - player connected on port 57326
2022-06-10 16:13:39.571 [main] INFO  WaitingRooms - new client added with no preferences. connected clients in lobby: 1
2022-06-10 16:13:39.710 [pool-2-thread-3] INFO  ServerReceiver - Server received message: preferences
2022-06-10 16:13:39.711 [pool-2-thread-3] INFO  WaitingRooms - 2 << joined the lobby. connected clients in lobby: 2
2022-06-10 16:13:39.723 [pool-2-thread-3] INFO  GameInterface - it.polimi.ingsw.server.controller.GameInterface@a4f4eb1: creating a new instance with players: [2, gio]
2022-06-10 16:13:39.725 [pool-2-thread-3] INFO  GameInterface - sockets are: [Socket[addr=/127.0.0.1,port=57326,localport=12345], Socket[addr=/127.0.0.1,port=57324,localport=12345]]
2022-06-10 16:13:39.784 [pool-2-thread-3] INFO  GameInterface - it.polimi.ingsw.server.controller.GameInterface@a4f4eb1 is sending an update to the clients.
2022-06-10 16:13:39.905 [pool-2-thread-3] INFO  WaitingRooms - Server: created normal game 1 with players: [2, gio]
2022-06-10 16:13:45.855 [pool-2-thread-3] INFO  ServerReceiver - Server received message: command
2022-06-10 16:13:45.884 [pool-2-thread-3] INFO  GameInterface - it.polimi.ingsw.server.controller.GameInterface@a4f4eb1 is executing command: Command{type=PLAY_CARD, username='2', motherNaturePositionShift=0, cardId=2, students=null, islandId=0, charName='null', cloudId=0}
2022-06-10 16:13:45.887 [pool-2-thread-3] INFO  GameInterface - it.polimi.ingsw.server.controller.GameInterface@a4f4eb1 is sending an update to the clients.
2022-06-10 17:19:45.352 [main] INFO  WaitingRooms - waiting room started
2022-06-10 17:19:45.355 [main] INFO  ServerMain - Starting server...
2022-06-10 17:19:45.370 [main] INFO  ServerMain - ready on IP: 0.0.0.0/0.0.0.0 port: 12345
2022-06-10 17:20:31.062 [main] INFO  WaitingRooms - waiting room started
2022-06-10 17:20:31.065 [main] INFO  ServerMain - Starting server...
2022-06-10 17:20:31.074 [main] INFO  ServerMain - ready on IP: 0.0.0.0/0.0.0.0 port: 12345
2022-06-10 17:20:39.224 [main] INFO  ServerMain - player connected on port 57728
2022-06-10 17:20:39.228 [main] INFO  HeartBeatServer - Added client
2022-06-10 17:20:39.237 [main] INFO  WaitingRooms - new client added with no preferences. connected clients in lobby: 0
2022-06-10 17:20:39.362 [pool-2-thread-2] INFO  ServerReceiver - Server received message: preferences
2022-06-10 17:20:39.364 [pool-2-thread-2] INFO  WaitingRooms - lore << joined the lobby. connected clients in lobby: 1
2022-06-10 17:20:41.339 [pool-2-thread-2] INFO  HeartBeatServer - Ping received. Pinging back...
2022-06-10 17:20:46.261 [pool-2-thread-2] INFO  HeartBeatServer - Ping received. Pinging back...
2022-06-10 17:20:50.709 [main] INFO  ServerMain - player connected on port 57729
2022-06-10 17:20:50.710 [main] INFO  HeartBeatServer - Added client
2022-06-10 17:20:50.711 [main] INFO  WaitingRooms - new client added with no preferences. connected clients in lobby: 1
2022-06-10 17:20:50.855 [pool-2-thread-3] INFO  ServerReceiver - Server received message: preferences
2022-06-10 17:20:50.856 [pool-2-thread-3] INFO  WaitingRooms - gio << joined the lobby. connected clients in lobby: 2
2022-06-10 17:20:51.268 [pool-2-thread-2] INFO  HeartBeatServer - Ping received. Pinging back...
2022-06-10 17:20:51.441 [pool-2-thread-3] INFO  HeartBeatServer - Ping received. Pinging back...
2022-06-10 17:20:56.280 [pool-2-thread-2] INFO  HeartBeatServer - Ping received. Pinging back...
2022-06-10 17:20:56.282 [pool-2-thread-3] INFO  HeartBeatServer - Ping received. Pinging back...
2022-06-10 17:21:08.740 [main] INFO  WaitingRooms - waiting room started
2022-06-10 17:21:08.743 [main] INFO  ServerMain - Starting server...
2022-06-10 17:21:08.750 [main] INFO  ServerMain - ready on IP: 0.0.0.0/0.0.0.0 port: 12345
2022-06-10 17:21:11.471 [main] INFO  ServerMain - player connected on port 57739
2022-06-10 17:21:11.475 [main] INFO  HeartBeatServer - Added client
2022-06-10 17:21:11.486 [main] INFO  WaitingRooms - new client added with no preferences. connected clients in lobby: 0
2022-06-10 17:21:11.608 [pool-2-thread-2] INFO  ServerReceiver - Server received message: preferences
2022-06-10 17:21:11.611 [pool-2-thread-2] INFO  WaitingRooms - lore << joined the lobby. connected clients in lobby: 1
2022-06-10 17:21:13.948 [pool-2-thread-2] INFO  HeartBeatServer - Ping received. Pinging back...
2022-06-10 17:21:16.059 [main] INFO  ServerMain - player connected on port 57740
2022-06-10 17:21:16.060 [main] INFO  HeartBeatServer - Added client
2022-06-10 17:21:16.061 [main] INFO  WaitingRooms - new client added with no preferences. connected clients in lobby: 1
2022-06-10 17:21:16.197 [pool-2-thread-3] INFO  ServerReceiver - Server received message: preferences
2022-06-10 17:21:16.200 [pool-2-thread-3] INFO  WaitingRooms - gio << joined the lobby. connected clients in lobby: 2
2022-06-10 17:21:16.216 [pool-2-thread-3] INFO  GameInterface - it.polimi.ingsw.server.controller.GameInterface@2efd6613: creating a new instance with players: [null, null]
2022-06-10 17:21:16.217 [pool-2-thread-3] INFO  GameInterface - sockets are: [Socket[addr=/127.0.0.1,port=57739,localport=12345], Socket[addr=/127.0.0.1,port=57740,localport=12345]]
2022-06-10 17:21:18.873 [pool-2-thread-2] INFO  HeartBeatServer - Ping received. Pinging back...
2022-06-10 17:21:23.884 [pool-2-thread-1] INFO  HeartBeatServer - User on port 57740 disconnected.
2022-06-10 17:21:23.904 [pool-2-thread-2] INFO  HeartBeatServer - Ping received. Pinging back...
2022-06-10 17:21:28.921 [pool-2-thread-2] INFO  HeartBeatServer - Ping received. Pinging back...
2022-06-10 17:21:33.933 [pool-2-thread-2] INFO  HeartBeatServer - Ping received. Pinging back...
2022-06-10 17:21:38.954 [pool-2-thread-2] INFO  HeartBeatServer - Ping received. Pinging back...
2022-06-10 17:21:43.960 [pool-2-thread-2] INFO  HeartBeatServer - Ping received. Pinging back...
2022-06-10 17:21:48.986 [pool-2-thread-2] INFO  HeartBeatServer - Ping received. Pinging back...
2022-06-10 17:21:54.009 [pool-2-thread-2] INFO  HeartBeatServer - Ping received. Pinging back...
2022-06-10 17:21:59.024 [pool-2-thread-2] INFO  HeartBeatServer - Ping received. Pinging back...
2022-06-10 17:22:04.049 [pool-2-thread-2] INFO  HeartBeatServer - Ping received. Pinging back...
2022-06-10 17:22:09.056 [pool-2-thread-2] INFO  HeartBeatServer - Ping received. Pinging back...
2022-06-10 17:22:14.062 [pool-2-thread-2] INFO  HeartBeatServer - Ping received. Pinging back...
2022-06-10 17:22:19.079 [pool-2-thread-2] INFO  HeartBeatServer - Ping received. Pinging back...
2022-06-10 17:22:24.081 [pool-2-thread-2] INFO  HeartBeatServer - Ping received. Pinging back...
2022-06-10 17:22:29.107 [pool-2-thread-2] INFO  HeartBeatServer - Ping received. Pinging back...
2022-06-10 17:22:34.117 [pool-2-thread-2] INFO  HeartBeatServer - Ping received. Pinging back...
2022-06-10 17:22:39.139 [pool-2-thread-2] INFO  HeartBeatServer - Ping received. Pinging back...
2022-06-10 17:22:44.156 [pool-2-thread-2] INFO  HeartBeatServer - Ping received. Pinging back...
2022-06-10 17:22:49.153 [pool-2-thread-2] INFO  HeartBeatServer - Ping received. Pinging back...
2022-06-10 17:22:54.158 [pool-2-thread-2] INFO  HeartBeatServer - Ping received. Pinging back...
2022-06-10 17:22:59.169 [pool-2-thread-2] INFO  HeartBeatServer - Ping received. Pinging back...
2022-06-10 17:23:04.178 [pool-2-thread-2] INFO  HeartBeatServer - Ping received. Pinging back...
2022-06-10 17:23:09.183 [pool-2-thread-2] INFO  HeartBeatServer - Ping received. Pinging back...
2022-06-10 17:23:14.192 [pool-2-thread-2] INFO  HeartBeatServer - Ping received. Pinging back...
2022-06-10 17:23:19.197 [pool-2-thread-2] INFO  HeartBeatServer - Ping received. Pinging back...
2022-06-10 17:23:24.206 [pool-2-thread-2] INFO  HeartBeatServer - Ping received. Pinging back...
2022-06-10 17:23:29.229 [pool-2-thread-2] INFO  HeartBeatServer - Ping received. Pinging back...
2022-06-10 17:23:34.229 [pool-2-thread-2] INFO  HeartBeatServer - Ping received. Pinging back...
2022-06-10 17:23:39.247 [pool-2-thread-2] INFO  HeartBeatServer - Ping received. Pinging back...
2022-06-10 17:28:56.383 [main] INFO  WaitingRooms - waiting room started
2022-06-10 17:28:56.386 [main] INFO  ServerMain - Starting server...
2022-06-10 17:28:56.394 [main] INFO  ServerMain - ready on IP: 0.0.0.0/0.0.0.0 port: 12345
2022-06-10 17:28:58.186 [main] INFO  ServerMain - player connected on port 57781
2022-06-10 17:28:58.188 [main] INFO  HeartBeatServer - Added client
2022-06-10 17:28:58.200 [main] INFO  WaitingRooms - new client added with no preferences. connected clients in lobby: 0
2022-06-10 17:28:58.316 [pool-2-thread-2] INFO  ServerReceiver - Server received message: preferences
2022-06-10 17:28:58.319 [pool-2-thread-2] INFO  WaitingRooms - gio << joined the lobby. connected clients in lobby: 1
2022-06-10 17:29:01.104 [main] INFO  ServerMain - player connected on port 57782
2022-06-10 17:29:01.104 [main] INFO  HeartBeatServer - Added client
2022-06-10 17:29:01.105 [main] INFO  WaitingRooms - new client added with no preferences. connected clients in lobby: 1
2022-06-10 17:29:01.238 [pool-2-thread-3] INFO  ServerReceiver - Server received message: preferences
2022-06-10 17:29:01.239 [pool-2-thread-3] INFO  WaitingRooms - fede << joined the lobby. connected clients in lobby: 2
2022-06-10 17:29:01.251 [pool-2-thread-3] INFO  GameInterface - it.polimi.ingsw.server.controller.GameInterface@15be447d: creating a new instance with players: [null, null]
2022-06-10 17:29:01.253 [pool-2-thread-3] INFO  GameInterface - sockets are: [Socket[addr=/127.0.0.1,port=57781,localport=12345], Socket[addr=/127.0.0.1,port=57782,localport=12345]]
2022-06-10 17:29:01.640 [pool-2-thread-2] INFO  HeartBeatServer - Ping received. Pinging back...
2022-06-10 17:29:06.513 [pool-2-thread-1] INFO  HeartBeatServer - User on port 57782 disconnected.
2022-06-10 17:29:06.532 [pool-2-thread-2] INFO  HeartBeatServer - Ping received. Pinging back...
2022-06-10 17:29:11.540 [pool-2-thread-2] INFO  HeartBeatServer - Ping received. Pinging back...
2022-06-10 17:29:16.556 [pool-2-thread-2] INFO  HeartBeatServer - Ping received. Pinging back...
2022-06-10 17:29:21.576 [pool-2-thread-2] INFO  HeartBeatServer - Ping received. Pinging back...
2022-06-10 17:29:26.594 [pool-2-thread-2] INFO  HeartBeatServer - Ping received. Pinging back...
2022-06-10 17:29:31.615 [pool-2-thread-2] INFO  HeartBeatServer - Ping received. Pinging back...
2022-06-10 17:29:36.629 [pool-2-thread-2] INFO  HeartBeatServer - Ping received. Pinging back...
2022-06-10 17:29:41.659 [pool-2-thread-2] INFO  HeartBeatServer - Ping received. Pinging back...
2022-06-10 17:29:46.687 [pool-2-thread-2] INFO  HeartBeatServer - Ping received. Pinging back...
2022-06-10 17:29:51.725 [pool-2-thread-2] INFO  HeartBeatServer - Ping received. Pinging back...
2022-06-10 17:29:56.733 [pool-2-thread-2] INFO  HeartBeatServer - Ping received. Pinging back...
2022-06-10 17:30:01.747 [pool-2-thread-2] INFO  HeartBeatServer - Ping received. Pinging back...
2022-06-10 17:30:06.776 [pool-2-thread-2] INFO  HeartBeatServer - Ping received. Pinging back...
2022-06-10 17:30:11.782 [pool-2-thread-2] INFO  HeartBeatServer - Ping received. Pinging back...
2022-06-10 17:30:16.799 [pool-2-thread-2] INFO  HeartBeatServer - Ping received. Pinging back...
2022-06-10 17:30:21.801 [pool-2-thread-2] INFO  HeartBeatServer - Ping received. Pinging back...
2022-06-10 17:30:26.814 [pool-2-thread-2] INFO  HeartBeatServer - Ping received. Pinging back...
2022-06-10 17:30:31.820 [pool-2-thread-2] INFO  HeartBeatServer - Ping received. Pinging back...
2022-06-10 17:30:36.825 [pool-2-thread-2] INFO  HeartBeatServer - Ping received. Pinging back...
2022-06-10 17:30:41.833 [pool-2-thread-2] INFO  HeartBeatServer - Ping received. Pinging back...
2022-06-10 17:30:46.845 [pool-2-thread-2] INFO  HeartBeatServer - Ping received. Pinging back...
2022-06-10 17:30:51.858 [pool-2-thread-2] INFO  HeartBeatServer - Ping received. Pinging back...
2022-06-10 17:30:56.882 [pool-2-thread-2] INFO  HeartBeatServer - Ping received. Pinging back...
2022-06-10 17:31:01.896 [pool-2-thread-2] INFO  HeartBeatServer - Ping received. Pinging back...
2022-06-10 17:31:06.910 [pool-2-thread-2] INFO  HeartBeatServer - Ping received. Pinging back...
2022-06-10 17:31:11.924 [pool-2-thread-2] INFO  HeartBeatServer - Ping received. Pinging back...
2022-06-10 17:31:16.942 [pool-2-thread-2] INFO  HeartBeatServer - Ping received. Pinging back...
2022-06-10 17:31:21.950 [pool-2-thread-2] INFO  HeartBeatServer - Ping received. Pinging back...
2022-06-10 17:31:26.962 [pool-2-thread-2] INFO  HeartBeatServer - Ping received. Pinging back...
2022-06-10 17:31:31.975 [pool-2-thread-2] INFO  HeartBeatServer - Ping received. Pinging back...
2022-06-10 17:31:36.991 [pool-2-thread-2] INFO  HeartBeatServer - Ping received. Pinging back...
2022-06-10 17:31:42.010 [pool-2-thread-2] INFO  HeartBeatServer - Ping received. Pinging back...
2022-06-10 17:31:47.024 [pool-2-thread-2] INFO  HeartBeatServer - Ping received. Pinging back...
2022-06-10 17:31:52.030 [pool-2-thread-2] INFO  HeartBeatServer - Ping received. Pinging back...
2022-06-10 17:31:57.036 [pool-2-thread-2] INFO  HeartBeatServer - Ping received. Pinging back...
2022-06-10 17:32:02.057 [pool-2-thread-2] INFO  HeartBeatServer - Ping received. Pinging back...
2022-06-10 17:32:07.082 [pool-2-thread-2] INFO  HeartBeatServer - Ping received. Pinging back...
2022-06-10 17:32:12.080 [pool-2-thread-2] INFO  HeartBeatServer - Ping received. Pinging back...
2022-06-10 17:32:17.097 [pool-2-thread-2] INFO  HeartBeatServer - Ping received. Pinging back...
2022-06-10 17:32:22.120 [pool-2-thread-2] INFO  HeartBeatServer - Ping received. Pinging back...
2022-06-10 17:32:27.133 [pool-2-thread-2] INFO  HeartBeatServer - Ping received. Pinging back...
2022-06-10 17:32:32.145 [pool-2-thread-2] INFO  HeartBeatServer - Ping received. Pinging back...
2022-06-10 17:32:37.170 [pool-2-thread-2] INFO  HeartBeatServer - Ping received. Pinging back...
2022-06-10 17:32:42.171 [pool-2-thread-2] INFO  HeartBeatServer - Ping received. Pinging back...
2022-06-10 17:32:47.186 [pool-2-thread-2] INFO  HeartBeatServer - Ping received. Pinging back...
2022-06-10 17:32:52.202 [pool-2-thread-2] INFO  HeartBeatServer - Ping received. Pinging back...
2022-06-10 17:32:57.216 [pool-2-thread-2] INFO  HeartBeatServer - Ping received. Pinging back...
2022-06-10 17:33:02.233 [pool-2-thread-2] INFO  HeartBeatServer - Ping received. Pinging back...
2022-06-10 17:33:07.235 [pool-2-thread-2] INFO  HeartBeatServer - Ping received. Pinging back...
2022-06-10 17:33:12.258 [pool-2-thread-2] INFO  HeartBeatServer - Ping received. Pinging back...
2022-06-10 17:33:17.280 [pool-2-thread-2] INFO  HeartBeatServer - Ping received. Pinging back...
2022-06-10 17:33:22.302 [pool-2-thread-2] INFO  HeartBeatServer - Ping received. Pinging back...
2022-06-10 17:33:27.294 [pool-2-thread-2] INFO  HeartBeatServer - Ping received. Pinging back...
2022-06-10 17:33:32.299 [pool-2-thread-2] INFO  HeartBeatServer - Ping received. Pinging back...
2022-06-10 17:33:37.325 [pool-2-thread-2] INFO  HeartBeatServer - Ping received. Pinging back...
2022-06-10 17:34:28.566 [main] INFO  WaitingRooms - waiting room started
2022-06-10 17:34:28.569 [main] INFO  ServerMain - Starting server...
2022-06-10 17:34:28.577 [main] INFO  ServerMain - ready on IP: 0.0.0.0/0.0.0.0 port: 12345
2022-06-10 17:34:38.893 [main] INFO  ServerMain - player connected on port 57810
2022-06-10 17:34:38.897 [main] INFO  HeartBeatServer - Added client
2022-06-10 17:34:38.904 [main] INFO  WaitingRooms - new client added with no preferences. connected clients in lobby: 0
2022-06-10 17:34:39.026 [pool-2-thread-2] INFO  ServerReceiver - Server received message: preferences
2022-06-10 17:34:39.030 [pool-2-thread-2] INFO  WaitingRooms - client on port57810
2022-06-10 17:34:39.031 [pool-2-thread-2] INFO  WaitingRooms - gio << joined the lobby. connected clients in lobby: 1
2022-06-10 17:34:43.625 [main] INFO  ServerMain - player connected on port 57811
2022-06-10 17:34:43.626 [main] INFO  HeartBeatServer - Added client
2022-06-10 17:34:43.628 [main] INFO  WaitingRooms - new client added with no preferences. connected clients in lobby: 1
2022-06-10 17:34:43.775 [pool-2-thread-3] INFO  ServerReceiver - Server received message: preferences
2022-06-10 17:34:43.778 [pool-2-thread-3] INFO  WaitingRooms - client on port57811
2022-06-10 17:34:43.779 [pool-2-thread-3] INFO  WaitingRooms - fede << joined the lobby. connected clients in lobby: 2
2022-06-10 17:34:43.821 [pool-2-thread-3] INFO  WaitingRooms - Server: created normal game 0 with players: [null, null]
2022-06-10 17:34:43.824 [pool-2-thread-3] INFO  GameInterface - it.polimi.ingsw.server.controller.GameInterface@6af8ccc9: creating a new instance with players: [null, null]
2022-06-10 17:34:43.826 [pool-2-thread-3] INFO  GameInterface - sockets are: [Socket[addr=/127.0.0.1,port=57810,localport=12345], Socket[addr=/127.0.0.1,port=57811,localport=12345]]
2022-06-10 17:34:43.840 [pool-2-thread-2] INFO  HeartBeatServer - Ping received. Pinging back...
2022-06-10 17:34:48.760 [pool-2-thread-2] INFO  HeartBeatServer - Ping received. Pinging back...
2022-06-10 17:34:53.765 [pool-2-thread-1] INFO  HeartBeatServer - User on port 57811 disconnected.
2022-06-10 17:34:53.785 [pool-2-thread-2] INFO  HeartBeatServer - Ping received. Pinging back...
2022-06-10 17:34:58.796 [pool-2-thread-2] INFO  HeartBeatServer - Ping received. Pinging back...
2022-06-10 17:35:03.801 [pool-2-thread-2] INFO  HeartBeatServer - Ping received. Pinging back...
2022-06-10 17:35:08.826 [pool-2-thread-2] INFO  HeartBeatServer - Ping received. Pinging back...
2022-06-10 17:35:13.846 [pool-2-thread-2] INFO  HeartBeatServer - Ping received. Pinging back...
2022-06-10 17:35:18.870 [pool-2-thread-2] INFO  HeartBeatServer - Ping received. Pinging back...
2022-06-10 17:35:23.895 [pool-2-thread-2] INFO  HeartBeatServer - Ping received. Pinging back...
2022-06-10 17:35:28.909 [pool-2-thread-2] INFO  HeartBeatServer - Ping received. Pinging back...
2022-06-10 17:35:33.939 [pool-2-thread-2] INFO  HeartBeatServer - Ping received. Pinging back...
2022-06-10 17:35:38.945 [pool-2-thread-2] INFO  HeartBeatServer - Ping received. Pinging back...
2022-06-10 17:35:43.952 [pool-2-thread-2] INFO  HeartBeatServer - Ping received. Pinging back...
2022-06-10 17:35:48.970 [pool-2-thread-2] INFO  HeartBeatServer - Ping received. Pinging back...
2022-06-10 17:35:53.983 [pool-2-thread-2] INFO  HeartBeatServer - Ping received. Pinging back...
2022-06-10 17:35:58.999 [pool-2-thread-2] INFO  HeartBeatServer - Ping received. Pinging back...
2022-06-10 17:36:04.008 [pool-2-thread-2] INFO  HeartBeatServer - Ping received. Pinging back...
2022-06-10 17:36:09.016 [pool-2-thread-2] INFO  HeartBeatServer - Ping received. Pinging back...
2022-06-10 17:36:14.024 [pool-2-thread-2] INFO  HeartBeatServer - Ping received. Pinging back...
2022-06-10 17:36:19.038 [pool-2-thread-2] INFO  HeartBeatServer - Ping received. Pinging back...
2022-06-10 17:36:24.042 [pool-2-thread-2] INFO  HeartBeatServer - Ping received. Pinging back...
2022-06-10 17:36:29.055 [pool-2-thread-2] INFO  HeartBeatServer - Ping received. Pinging back...
2022-06-10 17:36:34.077 [pool-2-thread-2] INFO  HeartBeatServer - Ping received. Pinging back...
2022-06-10 17:36:39.084 [pool-2-thread-2] INFO  HeartBeatServer - Ping received. Pinging back...
2022-06-10 17:36:44.096 [pool-2-thread-2] INFO  HeartBeatServer - Ping received. Pinging back...
2022-06-10 17:36:49.107 [pool-2-thread-2] INFO  HeartBeatServer - Ping received. Pinging back...
2022-06-10 17:36:54.115 [pool-2-thread-2] INFO  HeartBeatServer - Ping received. Pinging back...
2022-06-10 17:36:59.136 [pool-2-thread-2] INFO  HeartBeatServer - Ping received. Pinging back...
2022-06-10 17:37:04.149 [pool-2-thread-2] INFO  HeartBeatServer - Ping received. Pinging back...
2022-06-10 17:37:09.156 [pool-2-thread-2] INFO  HeartBeatServer - Ping received. Pinging back...
2022-06-10 17:37:14.172 [pool-2-thread-2] INFO  HeartBeatServer - Ping received. Pinging back...
2022-06-10 17:37:19.193 [pool-2-thread-2] INFO  HeartBeatServer - Ping received. Pinging back...
2022-06-10 17:37:24.208 [pool-2-thread-2] INFO  HeartBeatServer - Ping received. Pinging back...
2022-06-10 17:37:29.228 [pool-2-thread-2] INFO  HeartBeatServer - Ping received. Pinging back...
2022-06-10 17:37:34.238 [pool-2-thread-2] INFO  HeartBeatServer - Ping received. Pinging back...
2022-06-10 17:37:39.252 [pool-2-thread-2] INFO  HeartBeatServer - Ping received. Pinging back...
2022-06-10 17:37:44.261 [pool-2-thread-2] INFO  HeartBeatServer - Ping received. Pinging back...
2022-06-10 17:38:06.005 [main] INFO  WaitingRooms - waiting room started
2022-06-10 17:38:06.009 [main] INFO  ServerMain - Starting server...
2022-06-10 17:38:06.019 [main] INFO  ServerMain - ready on IP: 0.0.0.0/0.0.0.0 port: 12345
2022-06-10 17:38:11.249 [main] INFO  ServerMain - player connected on port 57834
2022-06-10 17:38:11.252 [main] INFO  HeartBeatServer - Added client
2022-06-10 17:38:11.259 [main] INFO  WaitingRooms - new client added with no preferences. connected clients in lobby: 0
2022-06-10 17:38:11.379 [pool-2-thread-2] INFO  ServerReceiver - Server received message: preferences
2022-06-10 17:38:11.383 [pool-2-thread-2] INFO  WaitingRooms - client on port57834
2022-06-10 17:38:11.383 [pool-2-thread-2] INFO  WaitingRooms - laura << joined the lobby. connected clients in lobby: 1
2022-06-10 17:38:14.808 [main] INFO  ServerMain - player connected on port 57835
2022-06-10 17:38:14.808 [main] INFO  HeartBeatServer - Added client
2022-06-10 17:38:14.809 [main] INFO  WaitingRooms - new client added with no preferences. connected clients in lobby: 1
2022-06-10 17:38:14.947 [pool-2-thread-3] INFO  ServerReceiver - Server received message: preferences
2022-06-10 17:38:14.949 [pool-2-thread-3] INFO  WaitingRooms - client on port57835
2022-06-10 17:38:14.949 [pool-2-thread-3] INFO  WaitingRooms - lore << joined the lobby. connected clients in lobby: 2
2022-06-10 17:38:14.981 [pool-2-thread-3] INFO  WaitingRooms - Server: created normal game 0 with players: [laura, lore]
2022-06-10 17:38:14.984 [pool-2-thread-3] INFO  GameInterface - it.polimi.ingsw.server.controller.GameInterface@10bb061e: creating a new instance with players: [laura, lore]
2022-06-10 17:38:14.986 [pool-2-thread-3] INFO  GameInterface - sockets are: [Socket[addr=/127.0.0.1,port=57834,localport=12345], Socket[addr=/127.0.0.1,port=57835,localport=12345]]
2022-06-10 17:38:15.061 [pool-2-thread-3] INFO  GameInterface - it.polimi.ingsw.server.controller.GameInterface@10bb061e is sending an update to the clients.
2022-06-10 17:38:16.266 [pool-2-thread-2] INFO  HeartBeatServer - Ping received. Pinging back...
2022-06-10 17:38:16.277 [pool-2-thread-3] INFO  HeartBeatServer - Ping received. Pinging back...
2022-06-10 17:38:21.215 [pool-2-thread-2] INFO  HeartBeatServer - Ping received. Pinging back...
2022-06-10 17:38:21.225 [pool-2-thread-3] INFO  HeartBeatServer - Ping received. Pinging back...
2022-06-10 17:38:26.240 [pool-2-thread-2] INFO  HeartBeatServer - Ping received. Pinging back...
2022-06-10 17:38:26.242 [pool-2-thread-3] INFO  HeartBeatServer - Ping received. Pinging back...
2022-06-10 17:38:28.554 [pool-2-thread-2] INFO  ServerReceiver - Server received message: command
2022-06-10 17:38:28.585 [pool-2-thread-2] INFO  GameInterface - it.polimi.ingsw.server.controller.GameInterface@10bb061e is executing command: Command{type=PLAY_CARD, username='laura', motherNaturePositionShift=0, cardId=4, students=null, islandId=0, charName='null', cloudId=0}
2022-06-10 17:38:28.589 [pool-2-thread-2] INFO  GameInterface - it.polimi.ingsw.server.controller.GameInterface@10bb061e is sending an update to the clients.
2022-06-10 17:38:31.259 [pool-2-thread-2] INFO  HeartBeatServer - Ping received. Pinging back...
2022-06-10 17:38:31.265 [pool-2-thread-3] INFO  HeartBeatServer - Ping received. Pinging back...
2022-06-10 17:38:36.284 [pool-2-thread-3] INFO  HeartBeatServer - Ping received. Pinging back...
2022-06-10 17:38:36.284 [pool-2-thread-2] INFO  HeartBeatServer - Ping received. Pinging back...
2022-06-10 17:38:41.298 [pool-2-thread-2] INFO  HeartBeatServer - Ping received. Pinging back...
2022-06-10 17:38:41.303 [pool-2-thread-3] INFO  HeartBeatServer - Ping received. Pinging back...
2022-06-10 17:38:46.326 [pool-2-thread-2] INFO  HeartBeatServer - Ping received. Pinging back...
2022-06-10 17:38:46.329 [pool-2-thread-3] INFO  HeartBeatServer - Ping received. Pinging back...
2022-06-10 17:38:51.345 [pool-2-thread-3] INFO  HeartBeatServer - Ping received. Pinging back...
2022-06-10 17:38:51.346 [pool-2-thread-2] INFO  HeartBeatServer - Ping received. Pinging back...
2022-06-10 17:38:56.365 [pool-2-thread-3] INFO  HeartBeatServer - Ping received. Pinging back...
2022-06-10 17:38:56.365 [pool-2-thread-2] INFO  HeartBeatServer - Ping received. Pinging back...
2022-06-10 17:39:01.369 [pool-2-thread-3] INFO  HeartBeatServer - Ping received. Pinging back...
2022-06-10 17:39:01.371 [pool-2-thread-2] INFO  HeartBeatServer - Ping received. Pinging back...
2022-06-10 17:39:06.383 [pool-2-thread-3] INFO  HeartBeatServer - Ping received. Pinging back...
2022-06-10 17:39:06.384 [pool-2-thread-2] INFO  HeartBeatServer - Ping received. Pinging back...
2022-06-10 17:39:11.403 [pool-2-thread-2] INFO  HeartBeatServer - Ping received. Pinging back...
2022-06-10 17:39:11.412 [pool-2-thread-3] INFO  HeartBeatServer - Ping received. Pinging back...
2022-06-10 17:39:16.436 [pool-2-thread-3] INFO  HeartBeatServer - Ping received. Pinging back...
2022-06-10 17:39:16.436 [pool-2-thread-2] INFO  HeartBeatServer - Ping received. Pinging back...
2022-06-10 17:39:21.438 [pool-2-thread-3] INFO  HeartBeatServer - Ping received. Pinging back...
2022-06-10 17:39:21.439 [pool-2-thread-2] INFO  HeartBeatServer - Ping received. Pinging back...
2022-06-10 17:39:26.451 [pool-2-thread-2] INFO  HeartBeatServer - Ping received. Pinging back...
2022-06-10 17:39:26.452 [pool-2-thread-3] INFO  HeartBeatServer - Ping received. Pinging back...
2022-06-10 17:39:31.465 [pool-2-thread-2] INFO  HeartBeatServer - Ping received. Pinging back...
2022-06-10 17:39:31.466 [pool-2-thread-3] INFO  HeartBeatServer - Ping received. Pinging back...
2022-06-10 17:39:36.473 [pool-2-thread-2] INFO  HeartBeatServer - Ping received. Pinging back...
2022-06-10 17:39:36.473 [pool-2-thread-3] INFO  HeartBeatServer - Ping received. Pinging back...
2022-06-10 17:39:41.494 [pool-2-thread-3] INFO  HeartBeatServer - Ping received. Pinging back...
2022-06-10 17:39:41.499 [pool-2-thread-2] INFO  HeartBeatServer - Ping received. Pinging back...
2022-06-10 17:41:31.889 [main] INFO  WaitingRooms - waiting room started
2022-06-10 17:41:31.892 [main] INFO  ServerMain - Starting server...
2022-06-10 17:41:31.901 [main] INFO  ServerMain - ready on IP: 0.0.0.0/0.0.0.0 port: 12345
2022-06-10 17:41:37.707 [main] INFO  ServerMain - player connected on port 57856
2022-06-10 17:41:37.711 [main] INFO  HeartBeatServer - Added client
2022-06-10 17:41:37.719 [main] INFO  WaitingRooms - new client added with no preferences. connected clients in lobby: 0
2022-06-10 17:41:37.839 [pool-2-thread-2] INFO  ServerReceiver - Server received message: preferences
2022-06-10 17:41:37.841 [pool-2-thread-2] INFO  WaitingRooms - client on port57856
2022-06-10 17:41:37.842 [pool-2-thread-2] INFO  WaitingRooms - gio123 << joined the lobby. connected clients in lobby: 1
2022-06-10 17:41:41.811 [main] INFO  ServerMain - player connected on port 57857
2022-06-10 17:41:41.811 [main] INFO  HeartBeatServer - Added client
2022-06-10 17:41:41.812 [main] INFO  WaitingRooms - new client added with no preferences. connected clients in lobby: 1
2022-06-10 17:41:41.952 [pool-2-thread-3] INFO  ServerReceiver - Server received message: preferences
2022-06-10 17:41:41.957 [pool-2-thread-3] INFO  WaitingRooms - client on port57857
2022-06-10 17:41:41.958 [pool-2-thread-3] INFO  WaitingRooms - gio << joined the lobby. connected clients in lobby: 2
2022-06-10 17:41:42.002 [pool-2-thread-3] INFO  WaitingRooms - Server: created normal game 0 with players: [gio123, gio]
2022-06-10 17:41:42.006 [pool-2-thread-3] INFO  GameInterface - it.polimi.ingsw.server.controller.GameInterface@69af1e4b: creating a new instance with players: [gio123, gio]
2022-06-10 17:41:42.007 [pool-2-thread-3] INFO  GameInterface - sockets are: [Socket[addr=/127.0.0.1,port=57856,localport=12345], Socket[addr=/127.0.0.1,port=57857,localport=12345]]
2022-06-10 17:41:42.095 [pool-2-thread-3] INFO  GameInterface - it.polimi.ingsw.server.controller.GameInterface@69af1e4b is sending an update to the clients.
2022-06-10 17:41:42.232 [pool-2-thread-2] INFO  HeartBeatServer - Ping received. Pinging back...
2022-06-10 17:41:42.257 [pool-2-thread-3] INFO  HeartBeatServer - Ping received. Pinging back...
2022-06-10 17:41:47.099 [pool-2-thread-2] INFO  HeartBeatServer - Ping received. Pinging back...
2022-06-10 17:41:47.105 [pool-2-thread-3] INFO  HeartBeatServer - Ping received. Pinging back...
2022-06-10 17:41:49.819 [pool-2-thread-2] INFO  ServerReceiver - Server received message: command
2022-06-10 17:41:49.855 [pool-2-thread-2] INFO  GameInterface - it.polimi.ingsw.server.controller.GameInterface@69af1e4b is executing command: Command{type=PLAY_CARD, username='gio123', motherNaturePositionShift=0, cardId=4, students=null, islandId=0, charName='null', cloudId=0}
2022-06-10 17:41:49.857 [pool-2-thread-2] INFO  GameInterface - it.polimi.ingsw.server.controller.GameInterface@69af1e4b is sending an update to the clients.
2022-06-10 17:41:52.149 [pool-2-thread-2] INFO  HeartBeatServer - Ping received. Pinging back...
2022-06-10 17:41:52.153 [pool-2-thread-3] INFO  HeartBeatServer - Ping received. Pinging back...
2022-06-10 17:41:57.168 [pool-2-thread-2] INFO  HeartBeatServer - Ping received. Pinging back...
2022-06-10 17:41:57.174 [pool-2-thread-3] INFO  HeartBeatServer - Ping received. Pinging back...
2022-06-10 17:41:58.049 [pool-2-thread-3] INFO  ServerReceiver - Server received message: command
2022-06-10 17:41:58.051 [pool-2-thread-3] INFO  GameInterface - it.polimi.ingsw.server.controller.GameInterface@69af1e4b is executing command: Command{type=PLAY_CARD, username='gio', motherNaturePositionShift=0, cardId=2, students=null, islandId=0, charName='null', cloudId=0}
2022-06-10 17:41:58.053 [pool-2-thread-3] INFO  GameInterface - it.polimi.ingsw.server.controller.GameInterface@69af1e4b is sending an update to the clients.
2022-06-10 17:42:02.191 [pool-2-thread-2] INFO  HeartBeatServer - Ping received. Pinging back...
2022-06-10 17:42:02.197 [pool-2-thread-3] INFO  HeartBeatServer - Ping received. Pinging back...
2022-06-10 17:42:07.218 [pool-2-thread-3] INFO  HeartBeatServer - Ping received. Pinging back...
2022-06-10 17:42:07.219 [pool-2-thread-2] INFO  HeartBeatServer - Ping received. Pinging back...
2022-06-10 17:42:12.250 [pool-2-thread-2] INFO  HeartBeatServer - Ping received. Pinging back...
2022-06-10 17:42:12.257 [pool-2-thread-3] INFO  HeartBeatServer - Ping received. Pinging back...
2022-06-10 17:42:17.270 [pool-2-thread-3] INFO  HeartBeatServer - Ping received. Pinging back...
2022-06-10 17:42:17.271 [pool-2-thread-2] INFO  HeartBeatServer - Ping received. Pinging back...
2022-06-10 17:42:22.280 [pool-2-thread-3] INFO  HeartBeatServer - Ping received. Pinging back...
2022-06-10 17:42:22.280 [pool-2-thread-2] INFO  HeartBeatServer - Ping received. Pinging back...
2022-06-10 17:42:27.295 [pool-2-thread-2] INFO  HeartBeatServer - Ping received. Pinging back...
2022-06-10 17:42:27.299 [pool-2-thread-3] INFO  HeartBeatServer - Ping received. Pinging back...
2022-06-10 17:42:32.314 [pool-2-thread-2] INFO  HeartBeatServer - Ping received. Pinging back...
2022-06-10 17:42:32.324 [pool-2-thread-3] INFO  HeartBeatServer - Ping received. Pinging back...
2022-06-10 17:42:37.341 [pool-2-thread-2] INFO  HeartBeatServer - Ping received. Pinging back...
2022-06-10 17:42:37.341 [pool-2-thread-3] INFO  HeartBeatServer - Ping received. Pinging back...
2022-06-10 17:42:42.361 [pool-2-thread-3] INFO  HeartBeatServer - Ping received. Pinging back...
2022-06-10 17:42:42.362 [pool-2-thread-2] INFO  HeartBeatServer - Ping received. Pinging back...
2022-06-10 17:43:06.467 [main] INFO  WaitingRooms - waiting room started
2022-06-10 17:43:06.470 [main] INFO  ServerMain - Starting server...
2022-06-10 17:43:06.478 [main] INFO  ServerMain - ready on IP: 0.0.0.0/0.0.0.0 port: 12345
2022-06-10 17:43:08.699 [main] INFO  ServerMain - player connected on port 57869
2022-06-10 17:43:08.702 [main] INFO  HeartBeatServer - Added client
2022-06-10 17:43:08.713 [main] INFO  WaitingRooms - new client added with no preferences. connected clients in lobby: 0
2022-06-10 17:43:08.851 [pool-2-thread-2] INFO  ServerReceiver - Server received message: preferences
2022-06-10 17:43:08.854 [pool-2-thread-2] INFO  WaitingRooms - client on port57869
2022-06-10 17:43:08.855 [pool-2-thread-2] INFO  WaitingRooms - fede << joined the lobby. connected clients in lobby: 1
2022-06-10 17:43:11.517 [main] INFO  ServerMain - player connected on port 57870
2022-06-10 17:43:11.519 [main] INFO  HeartBeatServer - Added client
2022-06-10 17:43:11.519 [main] INFO  WaitingRooms - new client added with no preferences. connected clients in lobby: 1
2022-06-10 17:43:11.664 [pool-2-thread-3] INFO  ServerReceiver - Server received message: preferences
2022-06-10 17:43:11.666 [pool-2-thread-3] INFO  WaitingRooms - client on port57870
2022-06-10 17:43:11.666 [pool-2-thread-3] INFO  WaitingRooms - gio << joined the lobby. connected clients in lobby: 2
2022-06-10 17:43:11.699 [pool-2-thread-3] INFO  WaitingRooms - Server: created normal game 0 with players: [gio, fede]
2022-06-10 17:43:11.702 [pool-2-thread-3] INFO  GameInterface - it.polimi.ingsw.server.controller.GameInterface@7369c7da: creating a new instance with players: [gio, fede]
2022-06-10 17:43:11.703 [pool-2-thread-3] INFO  GameInterface - sockets are: [Socket[addr=/127.0.0.1,port=57870,localport=12345], Socket[addr=/127.0.0.1,port=57869,localport=12345]]
2022-06-10 17:43:11.731 [pool-2-thread-2] INFO  HeartBeatServer - Ping received. Pinging back...
2022-06-10 17:43:11.784 [pool-2-thread-3] INFO  GameInterface - it.polimi.ingsw.server.controller.GameInterface@7369c7da is sending an update to the clients.
2022-06-10 17:43:16.651 [pool-2-thread-2] INFO  HeartBeatServer - Ping received. Pinging back...
2022-06-10 17:43:16.783 [pool-2-thread-3] INFO  HeartBeatServer - Ping received. Pinging back...
2022-06-10 17:43:21.679 [pool-2-thread-2] INFO  HeartBeatServer - Ping received. Pinging back...
2022-06-10 17:43:21.683 [pool-2-thread-3] INFO  HeartBeatServer - Ping received. Pinging back...
2022-06-10 17:43:23.197 [pool-2-thread-3] INFO  ServerReceiver - Server received message: command
2022-06-10 17:43:23.236 [pool-2-thread-3] INFO  GameInterface - it.polimi.ingsw.server.controller.GameInterface@7369c7da is executing command: Command{type=PLAY_CARD, username='gio', motherNaturePositionShift=0, cardId=2, students=null, islandId=0, charName='null', cloudId=0}
2022-06-10 17:43:23.239 [pool-2-thread-3] INFO  GameInterface - it.polimi.ingsw.server.controller.GameInterface@7369c7da is sending an update to the clients.
2022-06-10 17:43:26.720 [pool-2-thread-2] INFO  HeartBeatServer - Ping received. Pinging back...
2022-06-10 17:43:26.729 [pool-2-thread-3] INFO  HeartBeatServer - Ping received. Pinging back...
2022-06-10 17:43:31.760 [pool-2-thread-2] INFO  HeartBeatServer - Ping received. Pinging back...
2022-06-10 17:43:31.762 [pool-2-thread-3] INFO  HeartBeatServer - Ping received. Pinging back...
2022-06-10 17:43:35.016 [pool-2-thread-2] INFO  ServerReceiver - Server received message: command
2022-06-10 17:43:35.018 [pool-2-thread-2] INFO  GameInterface - it.polimi.ingsw.server.controller.GameInterface@7369c7da is executing command: Command{type=PLAY_CARD, username='fede', motherNaturePositionShift=0, cardId=1, students=null, islandId=0, charName='null', cloudId=0}
2022-06-10 17:43:35.034 [pool-2-thread-2] INFO  GameInterface - it.polimi.ingsw.server.controller.GameInterface@7369c7da is sending an update to the clients.
2022-06-10 17:43:36.777 [pool-2-thread-2] INFO  HeartBeatServer - Ping received. Pinging back...
2022-06-10 17:43:36.779 [pool-2-thread-3] INFO  HeartBeatServer - Ping received. Pinging back...
2022-06-10 17:43:41.795 [pool-2-thread-2] INFO  HeartBeatServer - Ping received. Pinging back...
2022-06-10 17:43:41.796 [pool-2-thread-3] INFO  HeartBeatServer - Ping received. Pinging back...
2022-06-10 17:43:46.814 [pool-2-thread-2] INFO  HeartBeatServer - Ping received. Pinging back...
2022-06-10 17:43:46.815 [pool-2-thread-3] INFO  HeartBeatServer - Ping received. Pinging back...
2022-06-10 17:43:51.503 [pool-2-thread-2] INFO  ServerReceiver - Server received message: command
2022-06-10 17:43:51.504 [pool-2-thread-2] INFO  GameInterface - it.polimi.ingsw.server.controller.GameInterface@7369c7da is executing command: Command{type=MOVE_STUDENT_TO_CASTLE, username='fede', motherNaturePositionShift=0, cardId=0, students=[RED, RED, RED], islandId=0, charName='null', cloudId=0}
2022-06-10 17:43:51.505 [pool-2-thread-2] INFO  GameInterface - it.polimi.ingsw.server.controller.GameInterface@7369c7da is sending an update to the clients.
2022-06-10 17:43:51.828 [pool-2-thread-3] INFO  HeartBeatServer - Ping received. Pinging back...
2022-06-10 17:43:51.829 [pool-2-thread-2] INFO  HeartBeatServer - Ping received. Pinging back...
2022-06-10 17:43:56.866 [pool-2-thread-2] INFO  HeartBeatServer - Ping received. Pinging back...
2022-06-10 17:43:56.866 [pool-2-thread-3] INFO  HeartBeatServer - Ping received. Pinging back...
2022-06-10 17:44:01.888 [pool-2-thread-3] INFO  HeartBeatServer - Ping received. Pinging back...
2022-06-10 17:44:01.888 [pool-2-thread-2] INFO  HeartBeatServer - Ping received. Pinging back...
2022-06-10 17:44:06.917 [pool-2-thread-2] INFO  HeartBeatServer - Ping received. Pinging back...
2022-06-10 17:44:06.917 [pool-2-thread-3] INFO  HeartBeatServer - Ping received. Pinging back...
2022-06-10 17:44:11.926 [pool-2-thread-2] INFO  HeartBeatServer - Ping received. Pinging back...
2022-06-10 17:44:11.931 [pool-2-thread-3] INFO  HeartBeatServer - Ping received. Pinging back...
2022-06-10 17:44:16.942 [pool-2-thread-3] INFO  HeartBeatServer - Ping received. Pinging back...
2022-06-10 17:44:16.946 [pool-2-thread-2] INFO  HeartBeatServer - Ping received. Pinging back...
2022-06-10 17:44:20.599 [pool-2-thread-2] INFO  ServerReceiver - Server received message: command
2022-06-10 17:44:20.600 [pool-2-thread-2] INFO  GameInterface - it.polimi.ingsw.server.controller.GameInterface@7369c7da is executing command: Command{type=MOVE_MOTHER_NATURE, username='fede', motherNaturePositionShift=2, cardId=0, students=null, islandId=0, charName='null', cloudId=0}
2022-06-10 17:44:20.604 [pool-2-thread-2] INFO  GameInterface - it.polimi.ingsw.server.controller.GameInterface@7369c7da is sending an update to the clients.
2022-06-10 17:44:21.962 [pool-2-thread-2] INFO  HeartBeatServer - Ping received. Pinging back...
2022-06-10 17:44:21.966 [pool-2-thread-3] INFO  HeartBeatServer - Ping received. Pinging back...
2022-06-10 17:44:26.988 [pool-2-thread-2] INFO  HeartBeatServer - Ping received. Pinging back...
2022-06-10 17:44:26.989 [pool-2-thread-3] INFO  HeartBeatServer - Ping received. Pinging back...
2022-06-10 17:44:30.746 [pool-2-thread-2] INFO  ServerReceiver - Server received message: command
2022-06-10 17:44:30.746 [pool-2-thread-2] INFO  GameInterface - it.polimi.ingsw.server.controller.GameInterface@7369c7da is executing command: Command{type=MOVE_MOTHER_NATURE, username='fede', motherNaturePositionShift=1, cardId=0, students=null, islandId=0, charName='null', cloudId=0}
2022-06-10 17:44:30.752 [pool-2-thread-2] INFO  GameInterface - it.polimi.ingsw.server.controller.GameInterface@7369c7da is sending an update to the clients.
2022-06-10 17:44:32.015 [pool-2-thread-2] INFO  HeartBeatServer - Ping received. Pinging back...
2022-06-10 17:44:32.016 [pool-2-thread-3] INFO  HeartBeatServer - Ping received. Pinging back...
2022-06-10 17:44:37.041 [pool-2-thread-3] INFO  HeartBeatServer - Ping received. Pinging back...
2022-06-10 17:44:37.042 [pool-2-thread-2] INFO  HeartBeatServer - Ping received. Pinging back...
2022-06-10 17:44:39.640 [pool-2-thread-2] INFO  ServerReceiver - Server received message: command
2022-06-10 17:44:39.644 [pool-2-thread-2] INFO  GameInterface - it.polimi.ingsw.server.controller.GameInterface@7369c7da is executing command: Command{type=CHOOSE_CLOUD, username='fede', motherNaturePositionShift=0, cardId=0, students=null, islandId=0, charName='null', cloudId=1}
2022-06-10 17:44:39.653 [pool-2-thread-2] INFO  GameInterface - it.polimi.ingsw.server.controller.GameInterface@7369c7da is sending an update to the clients.
2022-06-10 17:44:42.073 [pool-2-thread-3] INFO  HeartBeatServer - Ping received. Pinging back...
2022-06-10 17:44:42.083 [pool-2-thread-2] INFO  HeartBeatServer - Ping received. Pinging back...
2022-06-10 17:44:47.102 [pool-2-thread-2] INFO  HeartBeatServer - Ping received. Pinging back...
2022-06-10 17:44:47.104 [pool-2-thread-3] INFO  HeartBeatServer - Ping received. Pinging back...
2022-06-10 17:44:52.125 [pool-2-thread-2] INFO  HeartBeatServer - Ping received. Pinging back...
2022-06-10 17:44:52.126 [pool-2-thread-3] INFO  HeartBeatServer - Ping received. Pinging back...
2022-06-10 17:44:57.148 [pool-2-thread-2] INFO  HeartBeatServer - Ping received. Pinging back...
2022-06-10 17:44:57.148 [pool-2-thread-3] INFO  HeartBeatServer - Ping received. Pinging back...
2022-06-10 17:45:02.165 [pool-2-thread-3] INFO  HeartBeatServer - Ping received. Pinging back...
2022-06-10 17:45:02.178 [pool-2-thread-2] INFO  HeartBeatServer - Ping received. Pinging back...
2022-06-10 17:45:07.179 [pool-2-thread-2] INFO  HeartBeatServer - Ping received. Pinging back...
2022-06-10 17:45:07.184 [pool-2-thread-3] INFO  HeartBeatServer - Ping received. Pinging back...
2022-06-10 17:45:12.189 [pool-2-thread-2] INFO  HeartBeatServer - Ping received. Pinging back...
2022-06-10 17:45:12.189 [pool-2-thread-3] INFO  HeartBeatServer - Ping received. Pinging back...
2022-06-10 17:45:16.869 [pool-2-thread-3] INFO  ServerReceiver - Server received message: command
2022-06-10 17:45:16.870 [pool-2-thread-3] INFO  GameInterface - it.polimi.ingsw.server.controller.GameInterface@7369c7da is executing command: Command{type=MOVE_STUDENT_TO_CASTLE, username='gio', motherNaturePositionShift=0, cardId=0, students=[GREEN, BLUE, PINK], islandId=0, charName='null', cloudId=0}
2022-06-10 17:45:16.872 [pool-2-thread-3] INFO  GameInterface - it.polimi.ingsw.server.controller.GameInterface@7369c7da is sending an update to the clients.
2022-06-10 17:45:17.199 [pool-2-thread-2] INFO  HeartBeatServer - Ping received. Pinging back...
2022-06-10 17:45:17.200 [pool-2-thread-3] INFO  HeartBeatServer - Ping received. Pinging back...
2022-06-10 17:45:22.218 [pool-2-thread-2] INFO  HeartBeatServer - Ping received. Pinging back...
2022-06-10 17:45:22.241 [pool-2-thread-3] INFO  HeartBeatServer - Ping received. Pinging back...
2022-06-10 17:45:27.231 [pool-2-thread-2] INFO  HeartBeatServer - Ping received. Pinging back...
2022-06-10 17:45:27.234 [pool-2-thread-3] INFO  HeartBeatServer - Ping received. Pinging back...
2022-06-10 17:45:32.244 [pool-2-thread-3] INFO  HeartBeatServer - Ping received. Pinging back...
2022-06-10 17:45:32.245 [pool-2-thread-2] INFO  HeartBeatServer - Ping received. Pinging back...
2022-06-10 17:45:36.340 [pool-2-thread-3] INFO  ServerReceiver - Server received message: command
2022-06-10 17:45:36.343 [pool-2-thread-3] INFO  GameInterface - it.polimi.ingsw.server.controller.GameInterface@7369c7da is executing command: Command{type=MOVE_STUDENT_TO_CASTLE, username='gio', motherNaturePositionShift=0, cardId=0, students=[GREEN, RED, RED], islandId=0, charName='null', cloudId=0}
2022-06-10 17:45:36.347 [pool-2-thread-3] INFO  GameInterface - it.polimi.ingsw.server.controller.GameInterface@7369c7da is sending an update to the clients.
2022-06-10 17:45:37.270 [pool-2-thread-2] INFO  HeartBeatServer - Ping received. Pinging back...
2022-06-10 17:45:37.279 [pool-2-thread-3] INFO  HeartBeatServer - Ping received. Pinging back...
2022-06-10 17:45:42.314 [pool-2-thread-2] INFO  HeartBeatServer - Ping received. Pinging back...
2022-06-10 17:45:42.314 [pool-2-thread-3] INFO  HeartBeatServer - Ping received. Pinging back...
2022-06-10 17:45:47.329 [pool-2-thread-2] INFO  HeartBeatServer - Ping received. Pinging back...
2022-06-10 17:45:47.330 [pool-2-thread-3] INFO  HeartBeatServer - Ping received. Pinging back...
2022-06-10 17:45:52.363 [pool-2-thread-3] INFO  HeartBeatServer - Ping received. Pinging back...
2022-06-10 17:45:52.363 [pool-2-thread-2] INFO  HeartBeatServer - Ping received. Pinging back...
2022-06-10 17:45:57.394 [pool-2-thread-2] INFO  HeartBeatServer - Ping received. Pinging back...
2022-06-10 17:45:57.396 [pool-2-thread-3] INFO  HeartBeatServer - Ping received. Pinging back...
2022-06-10 17:46:02.423 [pool-2-thread-2] INFO  HeartBeatServer - Ping received. Pinging back...
2022-06-10 17:46:02.431 [pool-2-thread-3] INFO  HeartBeatServer - Ping received. Pinging back...
2022-06-10 17:46:03.939 [pool-2-thread-3] INFO  ServerReceiver - Server received message: command
2022-06-10 17:46:03.939 [pool-2-thread-3] INFO  GameInterface - it.polimi.ingsw.server.controller.GameInterface@7369c7da is executing command: Command{type=MOVE_MOTHER_NATURE, username='gio', motherNaturePositionShift=1, cardId=0, students=null, islandId=0, charName='null', cloudId=0}
2022-06-10 17:46:03.940 [pool-2-thread-3] INFO  GameInterface - it.polimi.ingsw.server.controller.GameInterface@7369c7da is sending an update to the clients.
2022-06-10 17:46:07.449 [pool-2-thread-2] INFO  HeartBeatServer - Ping received. Pinging back...
2022-06-10 17:46:07.455 [pool-2-thread-3] INFO  HeartBeatServer - Ping received. Pinging back...
2022-06-10 17:46:12.467 [pool-2-thread-3] INFO  HeartBeatServer - Ping received. Pinging back...
2022-06-10 17:46:12.470 [pool-2-thread-2] INFO  HeartBeatServer - Ping received. Pinging back...
2022-06-10 17:46:17.483 [pool-2-thread-3] INFO  HeartBeatServer - Ping received. Pinging back...
2022-06-10 17:46:17.487 [pool-2-thread-2] INFO  HeartBeatServer - Ping received. Pinging back...
2022-06-10 17:46:22.502 [pool-2-thread-2] INFO  HeartBeatServer - Ping received. Pinging back...
2022-06-10 17:46:22.513 [pool-2-thread-3] INFO  HeartBeatServer - Ping received. Pinging back...
2022-06-10 17:46:27.515 [pool-2-thread-2] INFO  HeartBeatServer - Ping received. Pinging back...
2022-06-10 17:46:27.515 [pool-2-thread-3] INFO  HeartBeatServer - Ping received. Pinging back...
2022-06-10 17:46:32.534 [pool-2-thread-3] INFO  HeartBeatServer - Ping received. Pinging back...
2022-06-10 17:46:32.539 [pool-2-thread-2] INFO  HeartBeatServer - Ping received. Pinging back...
2022-06-10 17:46:37.554 [pool-2-thread-2] INFO  HeartBeatServer - Ping received. Pinging back...
2022-06-10 17:46:37.558 [pool-2-thread-3] INFO  HeartBeatServer - Ping received. Pinging back...
2022-06-10 17:46:42.575 [pool-2-thread-3] INFO  HeartBeatServer - Ping received. Pinging back...
2022-06-10 17:46:42.584 [pool-2-thread-2] INFO  HeartBeatServer - Ping received. Pinging back...
2022-06-10 17:46:47.603 [pool-2-thread-3] INFO  HeartBeatServer - Ping received. Pinging back...
2022-06-10 17:46:47.610 [pool-2-thread-2] INFO  HeartBeatServer - Ping received. Pinging back...
2022-06-10 17:46:52.617 [pool-2-thread-2] INFO  HeartBeatServer - Ping received. Pinging back...
2022-06-10 17:46:52.624 [pool-2-thread-3] INFO  HeartBeatServer - Ping received. Pinging back...
2022-06-10 17:46:57.635 [pool-2-thread-2] INFO  HeartBeatServer - Ping received. Pinging back...
2022-06-10 17:46:57.635 [pool-2-thread-3] INFO  HeartBeatServer - Ping received. Pinging back...
2022-06-10 17:47:02.638 [pool-2-thread-3] INFO  HeartBeatServer - Ping received. Pinging back...
2022-06-10 17:47:02.639 [pool-2-thread-2] INFO  HeartBeatServer - Ping received. Pinging back...
2022-06-10 17:47:07.651 [pool-2-thread-3] INFO  HeartBeatServer - Ping received. Pinging back...
2022-06-10 17:47:07.651 [pool-2-thread-2] INFO  HeartBeatServer - Ping received. Pinging back...
2022-06-10 17:47:12.663 [pool-2-thread-3] INFO  HeartBeatServer - Ping received. Pinging back...
2022-06-10 17:47:12.670 [pool-2-thread-2] INFO  HeartBeatServer - Ping received. Pinging back...
2022-06-10 17:47:17.671 [pool-2-thread-2] INFO  HeartBeatServer - Ping received. Pinging back...
2022-06-10 17:47:17.672 [pool-2-thread-3] INFO  HeartBeatServer - Ping received. Pinging back...
2022-06-10 17:47:22.689 [pool-2-thread-2] INFO  HeartBeatServer - Ping received. Pinging back...
2022-06-10 17:47:22.694 [pool-2-thread-3] INFO  HeartBeatServer - Ping received. Pinging back...
2022-06-10 17:47:27.704 [pool-2-thread-3] INFO  HeartBeatServer - Ping received. Pinging back...
2022-06-10 17:47:27.723 [pool-2-thread-2] INFO  HeartBeatServer - Ping received. Pinging back...
2022-06-10 17:47:32.718 [pool-2-thread-2] INFO  HeartBeatServer - Ping received. Pinging back...
2022-06-10 17:47:32.718 [pool-2-thread-3] INFO  HeartBeatServer - Ping received. Pinging back...
2022-06-10 17:47:37.722 [pool-2-thread-2] INFO  HeartBeatServer - Ping received. Pinging back...
2022-06-10 17:47:37.738 [pool-2-thread-3] INFO  HeartBeatServer - Ping received. Pinging back...
2022-06-10 17:47:42.733 [pool-2-thread-2] INFO  HeartBeatServer - Ping received. Pinging back...
2022-06-10 17:47:42.733 [pool-2-thread-3] INFO  HeartBeatServer - Ping received. Pinging back...
2022-06-10 17:47:47.736 [pool-2-thread-3] INFO  HeartBeatServer - Ping received. Pinging back...
2022-06-10 17:47:47.741 [pool-2-thread-2] INFO  HeartBeatServer - Ping received. Pinging back...
2022-06-10 17:47:52.756 [pool-2-thread-2] INFO  HeartBeatServer - Ping received. Pinging back...
2022-06-10 17:47:52.758 [pool-2-thread-3] INFO  HeartBeatServer - Ping received. Pinging back...
2022-06-10 17:47:57.758 [pool-2-thread-2] INFO  HeartBeatServer - Ping received. Pinging back...
2022-06-10 17:47:57.763 [pool-2-thread-3] INFO  HeartBeatServer - Ping received. Pinging back...
2022-06-10 17:48:02.766 [pool-2-thread-3] INFO  HeartBeatServer - Ping received. Pinging back...
2022-06-10 17:48:02.766 [pool-2-thread-2] INFO  HeartBeatServer - Ping received. Pinging back...
2022-06-10 17:48:07.777 [pool-2-thread-3] INFO  HeartBeatServer - Ping received. Pinging back...
2022-06-10 17:48:07.777 [pool-2-thread-2] INFO  HeartBeatServer - Ping received. Pinging back...
2022-06-10 17:48:12.788 [pool-2-thread-2] INFO  HeartBeatServer - Ping received. Pinging back...
2022-06-10 17:48:12.794 [pool-2-thread-3] INFO  HeartBeatServer - Ping received. Pinging back...
2022-06-10 17:48:17.808 [pool-2-thread-3] INFO  HeartBeatServer - Ping received. Pinging back...
2022-06-10 17:48:17.812 [pool-2-thread-2] INFO  HeartBeatServer - Ping received. Pinging back...
2022-06-10 17:48:22.830 [pool-2-thread-2] INFO  HeartBeatServer - Ping received. Pinging back...
2022-06-10 17:48:22.833 [pool-2-thread-3] INFO  HeartBeatServer - Ping received. Pinging back...
2022-06-10 17:48:27.836 [pool-2-thread-3] INFO  HeartBeatServer - Ping received. Pinging back...
2022-06-10 17:48:27.840 [pool-2-thread-2] INFO  HeartBeatServer - Ping received. Pinging back...
2022-06-10 17:48:32.864 [pool-2-thread-3] INFO  HeartBeatServer - Ping received. Pinging back...
2022-06-10 17:48:32.864 [pool-2-thread-2] INFO  HeartBeatServer - Ping received. Pinging back...
2022-06-10 17:48:37.871 [pool-2-thread-3] INFO  HeartBeatServer - Ping received. Pinging back...
2022-06-10 17:48:37.871 [pool-2-thread-2] INFO  HeartBeatServer - Ping received. Pinging back...
2022-06-10 17:48:42.877 [pool-2-thread-3] INFO  HeartBeatServer - Ping received. Pinging back...
2022-06-10 17:48:42.878 [pool-2-thread-2] INFO  HeartBeatServer - Ping received. Pinging back...
2022-06-10 17:48:47.884 [pool-2-thread-3] INFO  HeartBeatServer - Ping received. Pinging back...
2022-06-10 17:48:47.887 [pool-2-thread-2] INFO  HeartBeatServer - Ping received. Pinging back...
2022-06-10 17:48:52.900 [pool-2-thread-2] INFO  HeartBeatServer - Ping received. Pinging back...
2022-06-10 17:48:52.905 [pool-2-thread-3] INFO  HeartBeatServer - Ping received. Pinging back...
2022-06-10 17:48:57.929 [pool-2-thread-2] INFO  HeartBeatServer - Ping received. Pinging back...
2022-06-10 17:48:57.932 [pool-2-thread-3] INFO  HeartBeatServer - Ping received. Pinging back...
2022-06-10 17:49:02.939 [pool-2-thread-3] INFO  HeartBeatServer - Ping received. Pinging back...
2022-06-10 17:49:02.941 [pool-2-thread-2] INFO  HeartBeatServer - Ping received. Pinging back...
2022-06-10 17:49:07.952 [pool-2-thread-2] INFO  HeartBeatServer - Ping received. Pinging back...
2022-06-10 17:49:07.953 [pool-2-thread-3] INFO  HeartBeatServer - Ping received. Pinging back...
2022-06-10 17:49:12.985 [pool-2-thread-2] INFO  HeartBeatServer - Ping received. Pinging back...
2022-06-10 17:49:12.989 [pool-2-thread-3] INFO  HeartBeatServer - Ping received. Pinging back...
2022-06-10 17:49:18.024 [pool-2-thread-3] INFO  HeartBeatServer - Ping received. Pinging back...
2022-06-10 17:49:18.030 [pool-2-thread-2] INFO  HeartBeatServer - Ping received. Pinging back...
2022-06-10 17:49:23.035 [pool-2-thread-2] INFO  HeartBeatServer - Ping received. Pinging back...
2022-06-10 17:49:23.037 [pool-2-thread-3] INFO  HeartBeatServer - Ping received. Pinging back...
2022-06-10 17:49:28.046 [pool-2-thread-2] INFO  HeartBeatServer - Ping received. Pinging back...
2022-06-10 17:49:28.047 [pool-2-thread-3] INFO  HeartBeatServer - Ping received. Pinging back...
2022-06-10 17:49:33.051 [pool-2-thread-2] INFO  HeartBeatServer - Ping received. Pinging back...
2022-06-10 17:49:33.052 [pool-2-thread-3] INFO  HeartBeatServer - Ping received. Pinging back...
2022-06-10 18:09:09.523 [main] INFO  WaitingRooms - waiting room started
2022-06-10 18:09:09.528 [main] INFO  ServerMain - Starting server...
2022-06-10 18:09:09.537 [main] INFO  ServerMain - ready on IP: 0.0.0.0/0.0.0.0 port: 12345
2022-06-10 18:09:17.902 [main] INFO  ServerMain - player connected on port 58042
2022-06-10 18:09:17.906 [main] INFO  HeartBeatServer - Added client
2022-06-10 18:09:17.914 [main] INFO  WaitingRooms - new client added with no preferences. connected clients in lobby: 0
2022-06-10 18:09:18.038 [pool-2-thread-2] INFO  ServerReceiver - Server received message: preferences
2022-06-10 18:09:18.041 [pool-2-thread-2] INFO  WaitingRooms - client on port58042
2022-06-10 18:09:18.041 [pool-2-thread-2] INFO  WaitingRooms - gioMussolini << joined the lobby. connected clients in lobby: 1
2022-06-10 18:09:19.781 [pool-2-thread-2] INFO  HeartBeatServer - Ping received. Pinging back...
2022-06-10 18:09:24.730 [pool-2-thread-2] INFO  HeartBeatServer - Ping received. Pinging back...
2022-06-10 18:09:29.745 [pool-2-thread-2] INFO  HeartBeatServer - Ping received. Pinging back...
2022-06-10 18:09:32.525 [main] INFO  ServerMain - player connected on port 58044
2022-06-10 18:09:32.527 [main] INFO  HeartBeatServer - Added client
2022-06-10 18:09:32.527 [main] INFO  WaitingRooms - new client added with no preferences. connected clients in lobby: 1
2022-06-10 18:09:32.662 [pool-2-thread-3] INFO  ServerReceiver - Server received message: preferences
2022-06-10 18:09:32.662 [pool-2-thread-3] INFO  WaitingRooms - client on port58044
2022-06-10 18:09:32.662 [pool-2-thread-3] INFO  WaitingRooms - Hail << joined the lobby. connected clients in lobby: 2
2022-06-10 18:09:32.676 [pool-2-thread-3] INFO  WaitingRooms - Server: created normal game 0 with players: [Hail, gioMussolini]
2022-06-10 18:09:32.680 [pool-2-thread-3] INFO  GameInterface - it.polimi.ingsw.server.controller.GameInterface@70b044a1: creating a new instance with players: [Hail, gioMussolini]
2022-06-10 18:09:32.682 [pool-2-thread-3] INFO  GameInterface - sockets are: [Socket[addr=/127.0.0.1,port=58044,localport=12345], Socket[addr=/127.0.0.1,port=58042,localport=12345]]
2022-06-10 18:09:32.780 [pool-2-thread-3] INFO  GameInterface - it.polimi.ingsw.server.controller.GameInterface@70b044a1 is sending an update to the clients.
2022-06-10 18:09:34.781 [pool-2-thread-2] INFO  HeartBeatServer - Ping received. Pinging back...
2022-06-10 18:09:34.915 [pool-2-thread-3] INFO  HeartBeatServer - Ping received. Pinging back...
2022-06-10 18:09:39.807 [pool-2-thread-2] INFO  HeartBeatServer - Ping received. Pinging back...
2022-06-10 18:09:39.825 [pool-2-thread-3] INFO  HeartBeatServer - Ping received. Pinging back...
2022-06-10 18:09:44.851 [pool-2-thread-3] INFO  HeartBeatServer - Ping received. Pinging back...
2022-06-10 18:09:44.858 [pool-2-thread-2] INFO  HeartBeatServer - Ping received. Pinging back...
2022-06-10 18:09:49.874 [pool-2-thread-2] INFO  HeartBeatServer - Ping received. Pinging back...
2022-06-10 18:09:49.877 [pool-2-thread-3] INFO  HeartBeatServer - Ping received. Pinging back...
2022-06-10 18:09:54.917 [pool-2-thread-2] INFO  HeartBeatServer - Ping received. Pinging back...
2022-06-10 18:09:54.921 [pool-2-thread-3] INFO  HeartBeatServer - Ping received. Pinging back...
2022-06-10 18:09:59.921 [pool-2-thread-3] INFO  HeartBeatServer - Ping received. Pinging back...
2022-06-10 18:09:59.922 [pool-2-thread-2] INFO  HeartBeatServer - Ping received. Pinging back...
2022-06-10 18:10:04.940 [pool-2-thread-2] INFO  HeartBeatServer - Ping received. Pinging back...
2022-06-10 18:10:04.943 [pool-2-thread-3] INFO  HeartBeatServer - Ping received. Pinging back...
2022-06-10 18:10:09.971 [pool-2-thread-2] INFO  HeartBeatServer - Ping received. Pinging back...
2022-06-10 18:10:09.980 [pool-2-thread-3] INFO  HeartBeatServer - Ping received. Pinging back...
2022-06-10 18:10:15.019 [pool-2-thread-2] INFO  HeartBeatServer - Ping received. Pinging back...
2022-06-10 18:10:15.026 [pool-2-thread-3] INFO  HeartBeatServer - Ping received. Pinging back...
2022-06-10 18:10:20.046 [pool-2-thread-2] INFO  HeartBeatServer - Ping received. Pinging back...
2022-06-10 18:10:20.047 [pool-2-thread-3] INFO  HeartBeatServer - Ping received. Pinging back...
2022-06-10 18:10:25.057 [pool-2-thread-3] INFO  HeartBeatServer - Ping received. Pinging back...
2022-06-10 18:10:25.058 [pool-2-thread-2] INFO  HeartBeatServer - Ping received. Pinging back...
2022-06-10 18:10:30.069 [pool-2-thread-2] INFO  HeartBeatServer - Ping received. Pinging back...
2022-06-10 18:10:30.069 [pool-2-thread-3] INFO  HeartBeatServer - Ping received. Pinging back...
2022-06-10 18:10:35.081 [pool-2-thread-2] INFO  HeartBeatServer - Ping received. Pinging back...
2022-06-10 18:10:35.081 [pool-2-thread-3] INFO  HeartBeatServer - Ping received. Pinging back...
2022-06-10 18:10:40.095 [pool-2-thread-2] INFO  HeartBeatServer - Ping received. Pinging back...
2022-06-10 18:10:40.097 [pool-2-thread-3] INFO  HeartBeatServer - Ping received. Pinging back...
2022-06-10 18:10:45.124 [pool-2-thread-2] INFO  HeartBeatServer - Ping received. Pinging back...
2022-06-10 18:10:45.125 [pool-2-thread-3] INFO  HeartBeatServer - Ping received. Pinging back...
2022-06-10 18:10:50.135 [pool-2-thread-3] INFO  HeartBeatServer - Ping received. Pinging back...
2022-06-10 18:10:50.135 [pool-2-thread-2] INFO  HeartBeatServer - Ping received. Pinging back...
2022-06-10 18:10:55.147 [pool-2-thread-2] INFO  HeartBeatServer - Ping received. Pinging back...
2022-06-10 18:10:55.153 [pool-2-thread-3] INFO  HeartBeatServer - Ping received. Pinging back...
2022-06-10 18:11:00.183 [pool-2-thread-2] INFO  HeartBeatServer - Ping received. Pinging back...
2022-06-10 18:11:00.184 [pool-2-thread-3] INFO  HeartBeatServer - Ping received. Pinging back...
2022-06-10 18:11:05.187 [pool-2-thread-2] INFO  HeartBeatServer - Ping received. Pinging back...
2022-06-10 18:11:05.190 [pool-2-thread-3] INFO  HeartBeatServer - Ping received. Pinging back...
2022-06-10 18:11:10.198 [pool-2-thread-2] INFO  HeartBeatServer - Ping received. Pinging back...
2022-06-10 18:11:10.204 [pool-2-thread-3] INFO  HeartBeatServer - Ping received. Pinging back...
2022-06-10 18:11:15.213 [pool-2-thread-3] INFO  HeartBeatServer - Ping received. Pinging back...
2022-06-10 18:11:15.214 [pool-2-thread-2] INFO  HeartBeatServer - Ping received. Pinging back...
2022-06-10 18:11:20.221 [pool-2-thread-2] INFO  HeartBeatServer - Ping received. Pinging back...
2022-06-10 18:11:20.226 [pool-2-thread-3] INFO  HeartBeatServer - Ping received. Pinging back...
2022-06-10 18:11:25.239 [pool-2-thread-2] INFO  HeartBeatServer - Ping received. Pinging back...
2022-06-10 18:11:25.244 [pool-2-thread-3] INFO  HeartBeatServer - Ping received. Pinging back...
2022-06-10 18:11:30.250 [pool-2-thread-3] INFO  HeartBeatServer - Ping received. Pinging back...
2022-06-10 18:11:30.253 [pool-2-thread-2] INFO  HeartBeatServer - Ping received. Pinging back...
2022-06-10 18:11:35.271 [pool-2-thread-3] INFO  HeartBeatServer - Ping received. Pinging back...
2022-06-10 18:11:35.271 [pool-2-thread-2] INFO  HeartBeatServer - Ping received. Pinging back...
2022-06-10 18:11:40.305 [pool-2-thread-2] INFO  HeartBeatServer - Ping received. Pinging back...
2022-06-10 18:11:40.306 [pool-2-thread-3] INFO  HeartBeatServer - Ping received. Pinging back...
2022-06-10 18:11:42.934 [pool-2-thread-3] INFO  ServerReceiver - Server received message: command
2022-06-10 18:11:45.318 [pool-2-thread-2] INFO  HeartBeatServer - Ping received. Pinging back...
2022-06-10 18:11:50.332 [pool-2-thread-1] INFO  HeartBeatServer - User on port 58044 disconnected.
2022-06-10 18:11:50.348 [pool-2-thread-2] INFO  HeartBeatServer - Ping received. Pinging back...
2022-06-10 18:11:55.367 [pool-2-thread-2] INFO  HeartBeatServer - Ping received. Pinging back...
2022-06-10 18:12:00.381 [pool-2-thread-2] INFO  HeartBeatServer - Ping received. Pinging back...
2022-06-10 18:12:05.390 [pool-2-thread-2] INFO  HeartBeatServer - Ping received. Pinging back...
2022-06-10 18:12:10.405 [pool-2-thread-2] INFO  HeartBeatServer - Ping received. Pinging back...
2022-06-10 18:12:12.238 [pool-2-thread-2] INFO  ServerReceiver - Server received message: command
2022-06-10 18:12:20.420 [pool-2-thread-1] INFO  HeartBeatServer - User on port 58042 disconnected.
2022-06-10 18:13:20.388 [main] INFO  WaitingRooms - waiting room started
2022-06-10 18:13:20.391 [main] INFO  ServerMain - Starting server...
2022-06-10 18:13:20.399 [main] INFO  ServerMain - ready on IP: 0.0.0.0/0.0.0.0 port: 12345
2022-06-10 18:13:23.067 [main] INFO  ServerMain - player connected on port 58068
2022-06-10 18:13:23.071 [main] INFO  HeartBeatServer - Added client
2022-06-10 18:13:23.081 [main] INFO  WaitingRooms - new client added with no preferences. connected clients in lobby: 0
2022-06-10 18:13:23.199 [pool-2-thread-2] INFO  ServerReceiver - Server received message: preferences
2022-06-10 18:13:23.202 [pool-2-thread-2] INFO  WaitingRooms - client on port58068
2022-06-10 18:13:23.203 [pool-2-thread-2] INFO  WaitingRooms - gi << joined the lobby. connected clients in lobby: 1
2022-06-10 18:13:25.615 [pool-2-thread-2] INFO  HeartBeatServer - Ping received. Pinging back...
2022-06-10 18:13:27.758 [main] INFO  ServerMain - player connected on port 58071
2022-06-10 18:13:27.759 [main] INFO  HeartBeatServer - Added client
2022-06-10 18:13:27.760 [main] INFO  WaitingRooms - new client added with no preferences. connected clients in lobby: 1
2022-06-10 18:13:27.894 [pool-2-thread-3] INFO  ServerReceiver - Server received message: preferences
2022-06-10 18:13:27.896 [pool-2-thread-3] INFO  WaitingRooms - client on port58071
2022-06-10 18:13:27.896 [pool-2-thread-3] INFO  WaitingRooms - fede << joined the lobby. connected clients in lobby: 2
2022-06-10 18:13:27.924 [pool-2-thread-3] INFO  WaitingRooms - Server: created normal game 0 with players: [gi, fede]
2022-06-10 18:13:27.927 [pool-2-thread-3] INFO  GameInterface - it.polimi.ingsw.server.controller.GameInterface@7008d1ca: creating a new instance with players: [gi, fede]
2022-06-10 18:13:27.929 [pool-2-thread-3] INFO  GameInterface - sockets are: [Socket[addr=/127.0.0.1,port=58068,localport=12345], Socket[addr=/127.0.0.1,port=58071,localport=12345]]
2022-06-10 18:13:28.054 [pool-2-thread-3] INFO  GameInterface - it.polimi.ingsw.server.controller.GameInterface@7008d1ca is sending an update to the clients.
2022-06-10 18:13:30.571 [pool-2-thread-2] INFO  HeartBeatServer - Ping received. Pinging back...
2022-06-10 18:13:30.714 [pool-2-thread-3] INFO  HeartBeatServer - Ping received. Pinging back...
2022-06-10 18:13:35.610 [pool-2-thread-2] INFO  HeartBeatServer - Ping received. Pinging back...
2022-06-10 18:13:35.613 [pool-2-thread-3] INFO  HeartBeatServer - Ping received. Pinging back...
2022-06-10 18:13:38.124 [pool-2-thread-2] INFO  ServerReceiver - Server received message: command
2022-06-10 18:13:40.640 [pool-2-thread-3] INFO  HeartBeatServer - Ping received. Pinging back...
2022-06-10 18:13:45.651 [pool-2-thread-1] INFO  HeartBeatServer - User on port 58068 disconnected.
2022-06-10 18:13:45.670 [pool-2-thread-3] INFO  HeartBeatServer - Ping received. Pinging back...
2022-06-10 18:13:50.691 [pool-2-thread-3] INFO  HeartBeatServer - Ping received. Pinging back...
2022-06-10 18:13:55.727 [pool-2-thread-3] INFO  HeartBeatServer - Ping received. Pinging back...
2022-06-10 18:14:00.752 [pool-2-thread-3] INFO  HeartBeatServer - Ping received. Pinging back...
2022-06-10 18:14:05.757 [pool-2-thread-3] INFO  HeartBeatServer - Ping received. Pinging back...
2022-06-10 18:14:10.769 [pool-2-thread-3] INFO  HeartBeatServer - Ping received. Pinging back...
2022-06-10 18:14:15.778 [pool-2-thread-3] INFO  HeartBeatServer - Ping received. Pinging back...
2022-06-10 18:14:20.794 [pool-2-thread-3] INFO  HeartBeatServer - Ping received. Pinging back...
2022-06-10 18:14:25.814 [pool-2-thread-3] INFO  HeartBeatServer - Ping received. Pinging back...
2022-06-10 18:14:30.826 [pool-2-thread-3] INFO  HeartBeatServer - Ping received. Pinging back...
2022-06-10 18:14:35.836 [pool-2-thread-3] INFO  HeartBeatServer - Ping received. Pinging back...
2022-06-10 18:14:40.845 [pool-2-thread-3] INFO  HeartBeatServer - Ping received. Pinging back...
2022-06-10 18:14:45.860 [pool-2-thread-3] INFO  HeartBeatServer - Ping received. Pinging back...
2022-06-10 18:14:50.876 [pool-2-thread-3] INFO  HeartBeatServer - Ping received. Pinging back...
2022-06-10 18:14:55.892 [pool-2-thread-3] INFO  HeartBeatServer - Ping received. Pinging back...
2022-06-10 18:15:00.907 [pool-2-thread-3] INFO  HeartBeatServer - Ping received. Pinging back...
2022-06-10 18:15:05.914 [pool-2-thread-3] INFO  HeartBeatServer - Ping received. Pinging back...
2022-06-10 18:15:10.936 [pool-2-thread-3] INFO  HeartBeatServer - Ping received. Pinging back...
2022-06-10 18:15:15.943 [pool-2-thread-3] INFO  HeartBeatServer - Ping received. Pinging back...
2022-06-10 18:15:20.958 [pool-2-thread-3] INFO  HeartBeatServer - Ping received. Pinging back...
2022-06-10 18:15:25.958 [pool-2-thread-3] INFO  HeartBeatServer - Ping received. Pinging back...
2022-06-10 18:15:46.522 [main] INFO  WaitingRooms - waiting room started
2022-06-10 18:15:46.526 [main] INFO  ServerMain - Starting server...
2022-06-10 18:15:46.542 [main] INFO  ServerMain - ready on IP: 0.0.0.0/0.0.0.0 port: 12345
2022-06-10 18:15:57.989 [main] INFO  ServerMain - player connected on port 58089
2022-06-10 18:15:57.993 [main] INFO  HeartBeatServer - Added client
2022-06-10 18:15:58.000 [main] INFO  WaitingRooms - new client added with no preferences. connected clients in lobby: 0
2022-06-10 18:15:58.128 [pool-2-thread-2] INFO  ServerReceiver - Server received message: preferences
2022-06-10 18:15:58.130 [pool-2-thread-2] INFO  WaitingRooms - client on port58089
2022-06-10 18:15:58.131 [pool-2-thread-2] INFO  WaitingRooms - fededefe << joined the lobby. connected clients in lobby: 1
2022-06-10 18:16:01.708 [main] INFO  ServerMain - player connected on port 58091
2022-06-10 18:16:01.708 [main] INFO  HeartBeatServer - Added client
2022-06-10 18:16:01.709 [main] INFO  WaitingRooms - new client added with no preferences. connected clients in lobby: 1
2022-06-10 18:16:01.796 [pool-2-thread-2] INFO  HeartBeatServer - Ping received. Pinging back...
2022-06-10 18:16:01.867 [pool-2-thread-3] INFO  ServerReceiver - Server received message: preferences
2022-06-10 18:16:01.868 [pool-2-thread-3] INFO  WaitingRooms - client on port58091
2022-06-10 18:16:01.868 [pool-2-thread-3] INFO  WaitingRooms - gio << joined the lobby. connected clients in lobby: 2
2022-06-10 18:16:01.898 [pool-2-thread-3] INFO  WaitingRooms - Server: created normal game 0 with players: [fededefe, gio]
2022-06-10 18:16:01.901 [pool-2-thread-3] INFO  GameInterface - it.polimi.ingsw.server.controller.GameInterface@3170fa2d: creating a new instance with players: [fededefe, gio]
2022-06-10 18:16:01.902 [pool-2-thread-3] INFO  GameInterface - sockets are: [Socket[addr=/127.0.0.1,port=58089,localport=12345], Socket[addr=/127.0.0.1,port=58091,localport=12345]]
2022-06-10 18:16:02.001 [pool-2-thread-3] INFO  GameInterface - it.polimi.ingsw.server.controller.GameInterface@3170fa2d is sending an update to the clients.
2022-06-10 18:16:06.751 [pool-2-thread-2] INFO  HeartBeatServer - Ping received. Pinging back...
2022-06-10 18:16:06.890 [pool-2-thread-3] INFO  HeartBeatServer - Ping received. Pinging back...
2022-06-10 18:16:11.791 [pool-2-thread-2] INFO  HeartBeatServer - Ping received. Pinging back...
2022-06-10 18:16:11.798 [pool-2-thread-3] INFO  HeartBeatServer - Ping received. Pinging back...
2022-06-10 18:16:16.820 [pool-2-thread-2] INFO  HeartBeatServer - Ping received. Pinging back...
2022-06-10 18:16:16.829 [pool-2-thread-3] INFO  HeartBeatServer - Ping received. Pinging back...
2022-06-10 18:16:20.851 [pool-2-thread-2] INFO  ServerReceiver - Server received message: command
2022-06-10 18:16:21.851 [pool-2-thread-3] INFO  HeartBeatServer - Ping received. Pinging back...
2022-06-10 18:16:26.857 [pool-2-thread-1] INFO  HeartBeatServer - User on port 58089 disconnected.
2022-06-10 18:16:26.877 [pool-2-thread-3] INFO  HeartBeatServer - Ping received. Pinging back...
2022-06-10 18:16:31.894 [pool-2-thread-3] INFO  HeartBeatServer - Ping received. Pinging back...
2022-06-10 18:16:36.914 [pool-2-thread-3] INFO  HeartBeatServer - Ping received. Pinging back...
2022-06-10 18:16:41.923 [pool-2-thread-3] INFO  HeartBeatServer - Ping received. Pinging back...
2022-06-10 18:16:46.941 [pool-2-thread-3] INFO  HeartBeatServer - Ping received. Pinging back...
2022-06-10 18:16:51.965 [pool-2-thread-3] INFO  HeartBeatServer - Ping received. Pinging back...
2022-06-10 18:16:56.971 [pool-2-thread-3] INFO  HeartBeatServer - Ping received. Pinging back...
2022-06-10 18:17:01.992 [pool-2-thread-3] INFO  HeartBeatServer - Ping received. Pinging back...
2022-06-10 18:17:06.987 [pool-2-thread-3] INFO  HeartBeatServer - Ping received. Pinging back...
2022-06-10 18:17:12.005 [pool-2-thread-3] INFO  HeartBeatServer - Ping received. Pinging back...
2022-06-10 18:17:17.006 [pool-2-thread-3] INFO  HeartBeatServer - Ping received. Pinging back...
2022-06-10 18:17:22.017 [pool-2-thread-3] INFO  HeartBeatServer - Ping received. Pinging back...
2022-06-10 18:17:27.031 [pool-2-thread-3] INFO  HeartBeatServer - Ping received. Pinging back...
2022-06-10 18:17:32.046 [pool-2-thread-3] INFO  HeartBeatServer - Ping received. Pinging back...
2022-06-10 18:17:37.065 [pool-2-thread-3] INFO  HeartBeatServer - Ping received. Pinging back...
2022-06-10 18:17:42.071 [pool-2-thread-3] INFO  HeartBeatServer - Ping received. Pinging back...
2022-06-10 18:17:47.093 [pool-2-thread-3] INFO  HeartBeatServer - Ping received. Pinging back...
2022-06-10 18:17:52.105 [pool-2-thread-3] INFO  HeartBeatServer - Ping received. Pinging back...
2022-06-10 18:17:57.114 [pool-2-thread-3] INFO  HeartBeatServer - Ping received. Pinging back...
2022-06-10 18:18:02.123 [pool-2-thread-3] INFO  HeartBeatServer - Ping received. Pinging back...
2022-06-10 18:18:07.129 [pool-2-thread-3] INFO  HeartBeatServer - Ping received. Pinging back...
2022-06-10 18:18:12.143 [pool-2-thread-3] INFO  HeartBeatServer - Ping received. Pinging back...
2022-06-10 18:18:17.155 [pool-2-thread-3] INFO  HeartBeatServer - Ping received. Pinging back...
2022-06-10 18:18:22.176 [pool-2-thread-3] INFO  HeartBeatServer - Ping received. Pinging back...
2022-06-10 18:18:27.195 [pool-2-thread-3] INFO  HeartBeatServer - Ping received. Pinging back...
2022-06-10 18:18:32.193 [pool-2-thread-3] INFO  HeartBeatServer - Ping received. Pinging back...
2022-06-10 18:18:37.211 [pool-2-thread-3] INFO  HeartBeatServer - Ping received. Pinging back...
2022-06-10 18:18:42.216 [pool-2-thread-3] INFO  HeartBeatServer - Ping received. Pinging back...
2022-06-10 18:18:47.234 [pool-2-thread-3] INFO  HeartBeatServer - Ping received. Pinging back...
2022-06-10 18:18:52.254 [pool-2-thread-3] INFO  HeartBeatServer - Ping received. Pinging back...
2022-06-10 18:18:57.257 [pool-2-thread-3] INFO  HeartBeatServer - Ping received. Pinging back...
2022-06-10 18:19:02.283 [pool-2-thread-3] INFO  HeartBeatServer - Ping received. Pinging back...
2022-06-10 18:19:07.303 [pool-2-thread-3] INFO  HeartBeatServer - Ping received. Pinging back...
2022-06-10 18:19:12.318 [pool-2-thread-3] INFO  HeartBeatServer - Ping received. Pinging back...
2022-06-10 18:19:17.329 [pool-2-thread-3] INFO  HeartBeatServer - Ping received. Pinging back...
2022-06-10 18:19:22.356 [pool-2-thread-3] INFO  HeartBeatServer - Ping received. Pinging back...
2022-06-10 18:19:27.360 [pool-2-thread-3] INFO  HeartBeatServer - Ping received. Pinging back...
2022-06-10 18:19:32.366 [pool-2-thread-3] INFO  HeartBeatServer - Ping received. Pinging back...
2022-06-10 18:19:37.374 [pool-2-thread-3] INFO  HeartBeatServer - Ping received. Pinging back...
2022-06-10 18:19:42.394 [pool-2-thread-3] INFO  HeartBeatServer - Ping received. Pinging back...
2022-06-10 18:19:47.405 [pool-2-thread-3] INFO  HeartBeatServer - Ping received. Pinging back...
2022-06-10 18:19:52.410 [pool-2-thread-3] INFO  HeartBeatServer - Ping received. Pinging back...
2022-06-10 18:19:57.419 [pool-2-thread-3] INFO  HeartBeatServer - Ping received. Pinging back...
2022-06-10 18:20:02.436 [pool-2-thread-3] INFO  HeartBeatServer - Ping received. Pinging back...
2022-06-10 18:20:07.438 [pool-2-thread-3] INFO  HeartBeatServer - Ping received. Pinging back...
2022-06-10 18:20:12.454 [pool-2-thread-3] INFO  HeartBeatServer - Ping received. Pinging back...
2022-06-10 18:20:17.472 [pool-2-thread-3] INFO  HeartBeatServer - Ping received. Pinging back...
2022-06-10 18:20:22.483 [pool-2-thread-3] INFO  HeartBeatServer - Ping received. Pinging back...
2022-06-10 18:30:59.660 [main] INFO  WaitingRooms - waiting room started
2022-06-10 18:30:59.664 [main] INFO  ServerMain - Starting server...
2022-06-10 18:30:59.678 [main] INFO  ServerMain - ready on IP: 0.0.0.0/0.0.0.0 port: 12345
2022-06-10 18:31:03.420 [main] INFO  ServerMain - player connected on port 58171
2022-06-10 18:31:03.424 [main] INFO  HeartBeatServer - Added client
2022-06-10 18:31:03.440 [main] INFO  WaitingRooms - new client added with no preferences. connected clients in lobby: 0
2022-06-10 18:31:03.567 [pool-2-thread-2] INFO  ServerReceiver - Server received message: preferences
2022-06-10 18:31:03.570 [pool-2-thread-2] INFO  WaitingRooms - client on port58171
2022-06-10 18:31:03.573 [pool-2-thread-2] INFO  WaitingRooms - gio << joined the lobby. connected clients in lobby: 1
2022-06-10 18:31:04.910 [pool-2-thread-2] INFO  HeartBeatServer - Ping received. Pinging back...
2022-06-10 18:31:09.824 [pool-2-thread-2] INFO  HeartBeatServer - Ping received. Pinging back...
2022-06-10 18:31:14.426 [main] INFO  ServerMain - player connected on port 58172
2022-06-10 18:31:14.428 [main] INFO  HeartBeatServer - Added client
2022-06-10 18:31:14.430 [main] INFO  WaitingRooms - new client added with no preferences. connected clients in lobby: 1
2022-06-10 18:31:14.553 [pool-2-thread-3] INFO  ServerReceiver - Server received message: preferences
2022-06-10 18:31:14.554 [pool-2-thread-3] INFO  WaitingRooms - client on port58172
2022-06-10 18:31:14.555 [pool-2-thread-3] INFO  WaitingRooms -  << joined the lobby. connected clients in lobby: 2
2022-06-10 18:31:14.586 [pool-2-thread-3] INFO  WaitingRooms - Server: created normal game 0 with players: [gio, ]
2022-06-10 18:31:14.590 [pool-2-thread-3] INFO  GameInterface - it.polimi.ingsw.server.controller.GameInterface@3d044190: creating a new instance with players: [gio, ]
2022-06-10 18:31:14.592 [pool-2-thread-3] INFO  GameInterface - sockets are: [Socket[addr=/127.0.0.1,port=58171,localport=12345], Socket[addr=/127.0.0.1,port=58172,localport=12345]]
2022-06-10 18:31:14.693 [pool-2-thread-3] INFO  GameInterface - it.polimi.ingsw.server.controller.GameInterface@3d044190 is sending an update to the clients.
2022-06-10 18:31:14.841 [pool-2-thread-2] INFO  HeartBeatServer - Ping received. Pinging back...
2022-06-10 18:31:14.978 [pool-2-thread-3] INFO  HeartBeatServer - Ping received. Pinging back...
2022-06-10 18:31:19.879 [pool-2-thread-2] INFO  HeartBeatServer - Ping received. Pinging back...
2022-06-10 18:31:19.885 [pool-2-thread-3] INFO  HeartBeatServer - Ping received. Pinging back...
2022-06-10 18:31:24.920 [pool-2-thread-2] INFO  HeartBeatServer - Ping received. Pinging back...
2022-06-10 18:31:24.921 [pool-2-thread-3] INFO  HeartBeatServer - Ping received. Pinging back...
2022-06-10 18:31:27.329 [main] INFO  ServerMain - player connected on port 58176
2022-06-10 18:31:27.330 [main] INFO  HeartBeatServer - Added client
2022-06-10 18:31:27.331 [main] INFO  WaitingRooms - new client added with no preferences. connected clients in lobby: 0
2022-06-10 18:31:27.458 [pool-2-thread-4] INFO  ServerReceiver - Server received message: preferences
2022-06-10 18:31:27.459 [pool-2-thread-4] INFO  WaitingRooms - client on port58176
2022-06-10 18:31:27.460 [pool-2-thread-4] INFO  WaitingRooms - fede << joined the lobby. connected clients in lobby: 1
2022-06-10 18:31:29.977 [pool-2-thread-3] INFO  HeartBeatServer - Ping received. Pinging back...
2022-06-10 18:31:29.978 [pool-2-thread-2] INFO  HeartBeatServer - Ping received. Pinging back...
2022-06-10 18:31:30.095 [pool-2-thread-4] INFO  HeartBeatServer - Ping received. Pinging back...
2022-06-10 18:31:34.983 [pool-2-thread-3] INFO  HeartBeatServer - Ping received. Pinging back...
2022-06-10 18:31:34.991 [pool-2-thread-2] INFO  HeartBeatServer - Ping received. Pinging back...
2022-06-10 18:31:39.994 [pool-2-thread-1] INFO  HeartBeatServer - User on port 58176 disconnected.
2022-06-10 18:31:40.013 [pool-2-thread-2] INFO  HeartBeatServer - Ping received. Pinging back...
2022-06-10 18:31:40.019 [pool-2-thread-3] INFO  HeartBeatServer - Ping received. Pinging back...
2022-06-10 18:31:45.044 [pool-2-thread-2] INFO  HeartBeatServer - Ping received. Pinging back...
2022-06-10 18:31:45.050 [pool-2-thread-3] INFO  HeartBeatServer - Ping received. Pinging back...
2022-06-10 18:31:50.074 [pool-2-thread-2] INFO  HeartBeatServer - Ping received. Pinging back...
2022-06-10 18:31:50.074 [pool-2-thread-3] INFO  HeartBeatServer - Ping received. Pinging back...
2022-06-10 18:31:55.079 [pool-2-thread-2] INFO  HeartBeatServer - Ping received. Pinging back...
2022-06-10 18:31:55.086 [pool-2-thread-3] INFO  HeartBeatServer - Ping received. Pinging back...
2022-06-10 18:32:00.112 [pool-2-thread-2] INFO  HeartBeatServer - Ping received. Pinging back...
2022-06-10 18:32:00.113 [pool-2-thread-3] INFO  HeartBeatServer - Ping received. Pinging back...
2022-06-10 18:32:01.077 [pool-2-thread-3] INFO  ServerReceiver - Server received message: command
2022-06-10 18:32:05.142 [pool-2-thread-2] INFO  HeartBeatServer - Ping received. Pinging back...
2022-06-10 18:32:10.141 [pool-2-thread-1] INFO  HeartBeatServer - User on port 58172 disconnected.
2022-06-10 18:32:10.159 [pool-2-thread-2] INFO  HeartBeatServer - Ping received. Pinging back...
2022-06-10 18:32:15.170 [pool-2-thread-2] INFO  HeartBeatServer - Ping received. Pinging back...
2022-06-10 18:32:20.184 [pool-2-thread-2] INFO  HeartBeatServer - Ping received. Pinging back...
2022-06-10 18:32:25.205 [pool-2-thread-2] INFO  HeartBeatServer - Ping received. Pinging back...
2022-06-10 18:32:30.213 [pool-2-thread-2] INFO  HeartBeatServer - Ping received. Pinging back...
2022-06-10 18:32:35.234 [pool-2-thread-2] INFO  HeartBeatServer - Ping received. Pinging back...
2022-06-10 18:32:40.231 [pool-2-thread-2] INFO  HeartBeatServer - Ping received. Pinging back...
2022-06-10 18:32:45.256 [pool-2-thread-2] INFO  HeartBeatServer - Ping received. Pinging back...
2022-06-10 18:32:50.278 [pool-2-thread-2] INFO  HeartBeatServer - Ping received. Pinging back...
2022-06-10 18:32:55.299 [pool-2-thread-2] INFO  HeartBeatServer - Ping received. Pinging back...
2022-06-10 18:33:00.311 [pool-2-thread-2] INFO  HeartBeatServer - Ping received. Pinging back...
2022-06-10 18:33:05.331 [pool-2-thread-2] INFO  HeartBeatServer - Ping received. Pinging back...
2022-06-10 18:33:10.364 [pool-2-thread-2] INFO  HeartBeatServer - Ping received. Pinging back...
2022-06-10 18:33:43.441 [main] INFO  WaitingRooms - waiting room started
2022-06-10 18:33:43.445 [main] INFO  ServerMain - Starting server...
2022-06-10 18:33:43.454 [main] INFO  ServerMain - ready on IP: 0.0.0.0/0.0.0.0 port: 12345
2022-06-10 18:33:45.690 [main] INFO  ServerMain - player connected on port 58193
2022-06-10 18:33:45.694 [main] INFO  HeartBeatServer - Added client
2022-06-10 18:33:45.706 [main] INFO  WaitingRooms - new client added with no preferences. connected clients in lobby: 0
2022-06-10 18:33:45.835 [pool-2-thread-2] INFO  ServerReceiver - Server received message: preferences
2022-06-10 18:33:45.840 [pool-2-thread-2] INFO  WaitingRooms - client on port58193
2022-06-10 18:33:45.840 [pool-2-thread-2] INFO  WaitingRooms - lolo << joined the lobby. connected clients in lobby: 1
2022-06-10 18:33:48.671 [pool-2-thread-2] INFO  HeartBeatServer - Ping received. Pinging back...
2022-06-10 18:33:48.948 [main] INFO  ServerMain - player connected on port 58194
2022-06-10 18:33:48.949 [main] INFO  HeartBeatServer - Added client
2022-06-10 18:33:48.951 [main] INFO  WaitingRooms - new client added with no preferences. connected clients in lobby: 1
2022-06-10 18:33:49.071 [pool-2-thread-3] INFO  ServerReceiver - Server received message: preferences
2022-06-10 18:33:49.073 [pool-2-thread-3] INFO  WaitingRooms - client on port58194
2022-06-10 18:33:49.073 [pool-2-thread-3] INFO  WaitingRooms - gio << joined the lobby. connected clients in lobby: 2
2022-06-10 18:33:49.092 [pool-2-thread-3] INFO  WaitingRooms - Server: created normal game 0 with players: [lolo, gio]
2022-06-10 18:33:49.095 [pool-2-thread-3] INFO  GameInterface - it.polimi.ingsw.server.controller.GameInterface@3d044190: creating a new instance with players: [lolo, gio]
2022-06-10 18:33:49.097 [pool-2-thread-3] INFO  GameInterface - sockets are: [Socket[addr=/127.0.0.1,port=58193,localport=12345], Socket[addr=/127.0.0.1,port=58194,localport=12345]]
2022-06-10 18:33:49.199 [pool-2-thread-3] INFO  GameInterface - it.polimi.ingsw.server.controller.GameInterface@3d044190 is sending an update to the clients.
2022-06-10 18:33:53.621 [pool-2-thread-2] INFO  HeartBeatServer - Ping received. Pinging back...
2022-06-10 18:33:53.750 [pool-2-thread-3] INFO  HeartBeatServer - Ping received. Pinging back...
2022-06-10 18:33:58.661 [pool-2-thread-2] INFO  HeartBeatServer - Ping received. Pinging back...
2022-06-10 18:33:58.664 [pool-2-thread-3] INFO  HeartBeatServer - Ping received. Pinging back...
2022-06-10 18:34:03.688 [pool-2-thread-2] INFO  HeartBeatServer - Ping received. Pinging back...
2022-06-10 18:34:03.695 [pool-2-thread-3] INFO  HeartBeatServer - Ping received. Pinging back...
2022-06-10 18:34:08.566 [pool-2-thread-2] INFO  ServerReceiver - Server received message: command
2022-06-10 18:34:08.719 [pool-2-thread-3] INFO  HeartBeatServer - Ping received. Pinging back...
2022-06-10 18:34:13.730 [pool-2-thread-1] INFO  HeartBeatServer - User on port 58193 disconnected.
2022-06-10 18:34:13.754 [pool-2-thread-3] INFO  HeartBeatServer - Ping received. Pinging back...
2022-06-10 18:34:18.768 [pool-2-thread-3] INFO  HeartBeatServer - Ping received. Pinging back...
2022-06-10 18:34:23.785 [pool-2-thread-3] INFO  HeartBeatServer - Ping received. Pinging back...
2022-06-10 18:34:28.793 [pool-2-thread-3] INFO  HeartBeatServer - Ping received. Pinging back...
2022-06-10 18:34:33.805 [pool-2-thread-3] INFO  HeartBeatServer - Ping received. Pinging back...
2022-06-10 18:34:38.828 [pool-2-thread-3] INFO  HeartBeatServer - Ping received. Pinging back...
2022-06-10 18:34:43.838 [pool-2-thread-3] INFO  HeartBeatServer - Ping received. Pinging back...
2022-06-10 18:34:48.863 [pool-2-thread-3] INFO  HeartBeatServer - Ping received. Pinging back...
2022-06-10 18:34:53.875 [pool-2-thread-3] INFO  HeartBeatServer - Ping received. Pinging back...
2022-06-10 18:34:58.888 [pool-2-thread-3] INFO  HeartBeatServer - Ping received. Pinging back...
2022-06-10 18:35:03.887 [pool-2-thread-3] INFO  HeartBeatServer - Ping received. Pinging back...
2022-06-10 18:35:08.903 [pool-2-thread-3] INFO  HeartBeatServer - Ping received. Pinging back...
2022-06-10 18:35:13.914 [pool-2-thread-3] INFO  HeartBeatServer - Ping received. Pinging back...
2022-06-10 18:35:18.933 [pool-2-thread-3] INFO  HeartBeatServer - Ping received. Pinging back...
2022-06-10 18:35:23.950 [pool-2-thread-3] INFO  HeartBeatServer - Ping received. Pinging back...
2022-06-10 18:35:28.966 [pool-2-thread-3] INFO  HeartBeatServer - Ping received. Pinging back...
2022-06-10 18:35:33.980 [pool-2-thread-3] INFO  HeartBeatServer - Ping received. Pinging back...
2022-06-10 18:35:38.988 [pool-2-thread-3] INFO  HeartBeatServer - Ping received. Pinging back...
2022-06-10 18:35:44.009 [pool-2-thread-3] INFO  HeartBeatServer - Ping received. Pinging back...
2022-06-10 18:35:49.020 [pool-2-thread-3] INFO  HeartBeatServer - Ping received. Pinging back...
2022-06-10 18:35:54.029 [pool-2-thread-3] INFO  HeartBeatServer - Ping received. Pinging back...
2022-06-10 18:35:58.565 [main] INFO  ServerMain - player connected on port 58232
2022-06-10 18:35:58.566 [main] INFO  HeartBeatServer - Added client
2022-06-10 18:35:58.568 [main] INFO  WaitingRooms - new client added with no preferences. connected clients in lobby: 0
2022-06-10 18:35:58.697 [pool-2-thread-4] INFO  ServerReceiver - Server received message: preferences
2022-06-10 18:35:58.700 [pool-2-thread-4] INFO  WaitingRooms - client on port58232
2022-06-10 18:35:58.701 [pool-2-thread-4] INFO  WaitingRooms - gio << joined the lobby. connected clients in lobby: 1
2022-06-10 18:35:59.045 [pool-2-thread-3] INFO  HeartBeatServer - Ping received. Pinging back...
2022-06-10 18:35:59.227 [pool-2-thread-4] INFO  HeartBeatServer - Ping received. Pinging back...
2022-06-10 18:36:04.077 [pool-2-thread-3] INFO  HeartBeatServer - Ping received. Pinging back...
2022-06-10 18:36:04.077 [pool-2-thread-4] INFO  HeartBeatServer - Ping received. Pinging back...
2022-06-10 18:36:07.445 [main] INFO  ServerMain - player connected on port 58234
2022-06-10 18:36:07.446 [main] INFO  HeartBeatServer - Added client
2022-06-10 18:36:07.448 [main] INFO  WaitingRooms - new client added with no preferences. connected clients in lobby: 1
2022-06-10 18:36:07.583 [pool-2-thread-5] INFO  ServerReceiver - Server received message: preferences
2022-06-10 18:36:07.587 [pool-2-thread-5] INFO  WaitingRooms - client on port58234
2022-06-10 18:36:07.588 [pool-2-thread-5] INFO  WaitingRooms - fede << joined the lobby. connected clients in lobby: 2
2022-06-10 18:36:07.589 [pool-2-thread-5] INFO  WaitingRooms - Server: created normal game 1 with players: [fede, gio]
2022-06-10 18:36:07.592 [pool-2-thread-5] INFO  GameInterface - it.polimi.ingsw.server.controller.GameInterface@212f0ddd: creating a new instance with players: [fede, gio]
2022-06-10 18:36:07.593 [pool-2-thread-5] INFO  GameInterface - sockets are: [Socket[addr=/127.0.0.1,port=58234,localport=12345], Socket[addr=/127.0.0.1,port=58232,localport=12345]]
2022-06-10 18:36:07.602 [pool-2-thread-5] INFO  GameInterface - it.polimi.ingsw.server.controller.GameInterface@212f0ddd is sending an update to the clients.
2022-06-10 18:36:09.116 [pool-2-thread-3] INFO  HeartBeatServer - Ping received. Pinging back...
2022-06-10 18:36:09.119 [pool-2-thread-4] INFO  HeartBeatServer - Ping received. Pinging back...
2022-06-10 18:36:09.288 [pool-2-thread-5] INFO  HeartBeatServer - Ping received. Pinging back...
2022-06-10 18:36:14.178 [pool-2-thread-4] INFO  HeartBeatServer - Ping received. Pinging back...
2022-06-10 18:36:14.179 [pool-2-thread-5] INFO  HeartBeatServer - Ping received. Pinging back...
2022-06-10 18:36:14.179 [pool-2-thread-3] INFO  HeartBeatServer - Ping received. Pinging back...
2022-06-10 18:36:16.653 [pool-2-thread-5] INFO  ServerReceiver - Server received message: command
2022-06-10 18:36:19.200 [pool-2-thread-3] INFO  HeartBeatServer - Ping received. Pinging back...
2022-06-10 18:36:19.201 [pool-2-thread-4] INFO  HeartBeatServer - Ping received. Pinging back...
2022-06-10 18:36:24.194 [pool-2-thread-1] INFO  HeartBeatServer - User on port 58234 disconnected.
2022-06-10 18:36:24.221 [pool-2-thread-3] INFO  HeartBeatServer - Ping received. Pinging back...
2022-06-10 18:36:24.221 [pool-2-thread-4] INFO  HeartBeatServer - Ping received. Pinging back...
2022-06-10 18:36:29.220 [pool-2-thread-3] INFO  HeartBeatServer - Ping received. Pinging back...
2022-06-10 18:36:29.228 [pool-2-thread-4] INFO  HeartBeatServer - Ping received. Pinging back...
2022-06-10 18:36:34.238 [pool-2-thread-3] INFO  HeartBeatServer - Ping received. Pinging back...
2022-06-10 18:36:34.238 [pool-2-thread-4] INFO  HeartBeatServer - Ping received. Pinging back...
2022-06-10 18:36:39.254 [pool-2-thread-3] INFO  HeartBeatServer - Ping received. Pinging back...
2022-06-10 18:36:39.257 [pool-2-thread-4] INFO  HeartBeatServer - Ping received. Pinging back...
2022-06-10 18:36:44.278 [pool-2-thread-3] INFO  HeartBeatServer - Ping received. Pinging back...
2022-06-10 18:36:44.291 [pool-2-thread-4] INFO  HeartBeatServer - Ping received. Pinging back...
2022-06-10 18:36:49.295 [pool-2-thread-3] INFO  HeartBeatServer - Ping received. Pinging back...
2022-06-10 18:36:49.299 [pool-2-thread-4] INFO  HeartBeatServer - Ping received. Pinging back...
2022-06-10 18:36:54.318 [pool-2-thread-4] INFO  HeartBeatServer - Ping received. Pinging back...
2022-06-10 18:36:54.318 [pool-2-thread-3] INFO  HeartBeatServer - Ping received. Pinging back...
2022-06-10 18:36:59.342 [pool-2-thread-3] INFO  HeartBeatServer - Ping received. Pinging back...
2022-06-10 18:36:59.342 [pool-2-thread-4] INFO  HeartBeatServer - Ping received. Pinging back...
2022-06-10 18:37:04.351 [pool-2-thread-3] INFO  HeartBeatServer - Ping received. Pinging back...
2022-06-10 18:37:04.354 [pool-2-thread-4] INFO  HeartBeatServer - Ping received. Pinging back...
2022-06-10 18:37:09.363 [pool-2-thread-4] INFO  HeartBeatServer - Ping received. Pinging back...
2022-06-10 18:37:09.368 [pool-2-thread-3] INFO  HeartBeatServer - Ping received. Pinging back...
2022-06-10 18:37:14.380 [pool-2-thread-3] INFO  HeartBeatServer - Ping received. Pinging back...
2022-06-10 18:37:14.388 [pool-2-thread-4] INFO  HeartBeatServer - Ping received. Pinging back...
2022-06-10 18:37:19.402 [pool-2-thread-3] INFO  HeartBeatServer - Ping received. Pinging back...
2022-06-10 18:37:19.402 [pool-2-thread-4] INFO  HeartBeatServer - Ping received. Pinging back...
2022-06-10 18:37:24.417 [pool-2-thread-3] INFO  HeartBeatServer - Ping received. Pinging back...
2022-06-10 18:37:24.420 [pool-2-thread-4] INFO  HeartBeatServer - Ping received. Pinging back...
2022-06-10 18:37:29.424 [pool-2-thread-3] INFO  HeartBeatServer - Ping received. Pinging back...
2022-06-10 18:37:29.430 [pool-2-thread-4] INFO  HeartBeatServer - Ping received. Pinging back...
2022-06-10 18:37:34.444 [pool-2-thread-4] INFO  HeartBeatServer - Ping received. Pinging back...
2022-06-10 18:37:34.447 [pool-2-thread-3] INFO  HeartBeatServer - Ping received. Pinging back...
2022-06-10 18:37:39.456 [pool-2-thread-3] INFO  HeartBeatServer - Ping received. Pinging back...
2022-06-10 18:37:39.460 [pool-2-thread-4] INFO  HeartBeatServer - Ping received. Pinging back...
2022-06-10 18:37:44.465 [pool-2-thread-3] INFO  HeartBeatServer - Ping received. Pinging back...
2022-06-10 18:37:44.469 [pool-2-thread-4] INFO  HeartBeatServer - Ping received. Pinging back...
2022-06-10 18:37:49.482 [pool-2-thread-3] INFO  HeartBeatServer - Ping received. Pinging back...
2022-06-10 18:37:49.489 [pool-2-thread-4] INFO  HeartBeatServer - Ping received. Pinging back...
2022-06-10 18:37:54.515 [pool-2-thread-4] INFO  HeartBeatServer - Ping received. Pinging back...
2022-06-10 18:37:54.515 [pool-2-thread-3] INFO  HeartBeatServer - Ping received. Pinging back...
2022-06-10 18:37:59.538 [pool-2-thread-3] INFO  HeartBeatServer - Ping received. Pinging back...
2022-06-10 18:37:59.542 [pool-2-thread-4] INFO  HeartBeatServer - Ping received. Pinging back...
2022-06-10 18:38:04.543 [pool-2-thread-3] INFO  HeartBeatServer - Ping received. Pinging back...
2022-06-10 18:38:04.543 [pool-2-thread-4] INFO  HeartBeatServer - Ping received. Pinging back...
2022-06-10 18:38:09.552 [pool-2-thread-4] INFO  HeartBeatServer - Ping received. Pinging back...
2022-06-10 18:38:09.553 [pool-2-thread-3] INFO  HeartBeatServer - Ping received. Pinging back...
2022-06-10 18:38:14.560 [pool-2-thread-4] INFO  HeartBeatServer - Ping received. Pinging back...
2022-06-10 18:38:14.571 [pool-2-thread-3] INFO  HeartBeatServer - Ping received. Pinging back...
2022-06-10 18:38:19.572 [pool-2-thread-3] INFO  HeartBeatServer - Ping received. Pinging back...
2022-06-10 18:38:19.574 [pool-2-thread-4] INFO  HeartBeatServer - Ping received. Pinging back...
2022-06-10 18:38:24.590 [pool-2-thread-4] INFO  HeartBeatServer - Ping received. Pinging back...
2022-06-10 18:38:24.594 [pool-2-thread-3] INFO  HeartBeatServer - Ping received. Pinging back...
2022-06-10 18:38:29.605 [pool-2-thread-4] INFO  HeartBeatServer - Ping received. Pinging back...
2022-06-10 18:38:29.608 [pool-2-thread-3] INFO  HeartBeatServer - Ping received. Pinging back...
2022-06-10 18:38:34.628 [pool-2-thread-4] INFO  HeartBeatServer - Ping received. Pinging back...
2022-06-10 18:38:34.628 [pool-2-thread-3] INFO  HeartBeatServer - Ping received. Pinging back...
2022-06-10 18:38:39.642 [pool-2-thread-3] INFO  HeartBeatServer - Ping received. Pinging back...
2022-06-10 18:38:39.650 [pool-2-thread-4] INFO  HeartBeatServer - Ping received. Pinging back...
2022-06-10 18:38:44.670 [pool-2-thread-3] INFO  HeartBeatServer - Ping received. Pinging back...
2022-06-10 18:38:44.677 [pool-2-thread-4] INFO  HeartBeatServer - Ping received. Pinging back...
2022-06-10 18:38:49.685 [pool-2-thread-4] INFO  HeartBeatServer - Ping received. Pinging back...
2022-06-10 18:38:49.687 [pool-2-thread-3] INFO  HeartBeatServer - Ping received. Pinging back...
2022-06-10 18:38:54.695 [pool-2-thread-4] INFO  HeartBeatServer - Ping received. Pinging back...
2022-06-10 18:38:54.705 [pool-2-thread-3] INFO  HeartBeatServer - Ping received. Pinging back...
2022-06-10 18:38:59.719 [pool-2-thread-4] INFO  HeartBeatServer - Ping received. Pinging back...
2022-06-10 18:38:59.722 [pool-2-thread-3] INFO  HeartBeatServer - Ping received. Pinging back...
2022-06-10 18:39:04.737 [pool-2-thread-3] INFO  HeartBeatServer - Ping received. Pinging back...
2022-06-10 18:39:04.738 [pool-2-thread-4] INFO  HeartBeatServer - Ping received. Pinging back...
2022-06-10 18:39:09.765 [pool-2-thread-3] INFO  HeartBeatServer - Ping received. Pinging back...
2022-06-10 18:39:09.769 [pool-2-thread-4] INFO  HeartBeatServer - Ping received. Pinging back...
2022-06-10 18:39:14.773 [pool-2-thread-4] INFO  HeartBeatServer - Ping received. Pinging back...
2022-06-10 18:39:14.781 [pool-2-thread-3] INFO  HeartBeatServer - Ping received. Pinging back...
2022-06-10 18:39:19.775 [pool-2-thread-3] INFO  HeartBeatServer - Ping received. Pinging back...
2022-06-10 18:39:19.780 [pool-2-thread-4] INFO  HeartBeatServer - Ping received. Pinging back...
2022-06-10 18:39:24.792 [pool-2-thread-4] INFO  HeartBeatServer - Ping received. Pinging back...
2022-06-10 18:39:24.792 [pool-2-thread-3] INFO  HeartBeatServer - Ping received. Pinging back...
2022-06-10 18:39:29.798 [pool-2-thread-3] INFO  HeartBeatServer - Ping received. Pinging back...
2022-06-10 18:39:29.803 [pool-2-thread-4] INFO  HeartBeatServer - Ping received. Pinging back...
2022-06-10 18:39:34.817 [pool-2-thread-3] INFO  HeartBeatServer - Ping received. Pinging back...
2022-06-10 18:39:34.828 [pool-2-thread-4] INFO  HeartBeatServer - Ping received. Pinging back...
2022-06-10 18:39:39.825 [pool-2-thread-4] INFO  HeartBeatServer - Ping received. Pinging back...
2022-06-10 18:39:39.826 [pool-2-thread-3] INFO  HeartBeatServer - Ping received. Pinging back...
2022-06-10 18:39:44.847 [pool-2-thread-4] INFO  HeartBeatServer - Ping received. Pinging back...
2022-06-10 18:39:44.849 [pool-2-thread-3] INFO  HeartBeatServer - Ping received. Pinging back...
2022-06-10 18:39:49.880 [pool-2-thread-4] INFO  HeartBeatServer - Ping received. Pinging back...
2022-06-10 18:39:49.880 [pool-2-thread-3] INFO  HeartBeatServer - Ping received. Pinging back...
2022-06-10 18:39:54.878 [pool-2-thread-4] INFO  HeartBeatServer - Ping received. Pinging back...
2022-06-10 18:39:54.880 [pool-2-thread-3] INFO  HeartBeatServer - Ping received. Pinging back...
2022-06-10 18:39:59.902 [pool-2-thread-3] INFO  HeartBeatServer - Ping received. Pinging back...
2022-06-10 18:39:59.910 [pool-2-thread-4] INFO  HeartBeatServer - Ping received. Pinging back...
2022-06-10 18:40:04.939 [pool-2-thread-4] INFO  HeartBeatServer - Ping received. Pinging back...
2022-06-10 18:40:04.941 [pool-2-thread-3] INFO  HeartBeatServer - Ping received. Pinging back...
2022-06-10 18:40:09.969 [pool-2-thread-3] INFO  HeartBeatServer - Ping received. Pinging back...
2022-06-10 18:40:09.970 [pool-2-thread-4] INFO  HeartBeatServer - Ping received. Pinging back...
2022-06-10 18:40:14.979 [pool-2-thread-4] INFO  HeartBeatServer - Ping received. Pinging back...
2022-06-10 18:40:15.001 [pool-2-thread-3] INFO  HeartBeatServer - Ping received. Pinging back...
2022-06-10 18:40:19.990 [pool-2-thread-3] INFO  HeartBeatServer - Ping received. Pinging back...
2022-06-10 18:40:19.992 [pool-2-thread-4] INFO  HeartBeatServer - Ping received. Pinging back...
2022-06-10 18:40:24.997 [pool-2-thread-4] INFO  HeartBeatServer - Ping received. Pinging back...
2022-06-10 18:40:25.000 [pool-2-thread-3] INFO  HeartBeatServer - Ping received. Pinging back...
2022-06-10 18:40:30.012 [pool-2-thread-3] INFO  HeartBeatServer - Ping received. Pinging back...
2022-06-10 18:40:30.013 [pool-2-thread-4] INFO  HeartBeatServer - Ping received. Pinging back...
2022-06-10 18:40:35.019 [pool-2-thread-3] INFO  HeartBeatServer - Ping received. Pinging back...
2022-06-10 18:40:35.027 [pool-2-thread-4] INFO  HeartBeatServer - Ping received. Pinging back...
2022-06-10 18:40:40.018 [pool-2-thread-3] INFO  HeartBeatServer - Ping received. Pinging back...
2022-06-10 18:40:40.033 [pool-2-thread-4] INFO  HeartBeatServer - Ping received. Pinging back...
2022-06-10 18:40:45.027 [pool-2-thread-3] INFO  HeartBeatServer - Ping received. Pinging back...
2022-06-10 18:40:45.029 [pool-2-thread-4] INFO  HeartBeatServer - Ping received. Pinging back...
2022-06-10 18:40:50.034 [pool-2-thread-3] INFO  HeartBeatServer - Ping received. Pinging back...
2022-06-10 18:40:50.037 [pool-2-thread-4] INFO  HeartBeatServer - Ping received. Pinging back...
2022-06-10 18:40:55.044 [pool-2-thread-3] INFO  HeartBeatServer - Ping received. Pinging back...
2022-06-10 18:40:55.053 [pool-2-thread-4] INFO  HeartBeatServer - Ping received. Pinging back...
2022-06-10 18:41:00.061 [pool-2-thread-4] INFO  HeartBeatServer - Ping received. Pinging back...
2022-06-10 18:41:00.066 [pool-2-thread-3] INFO  HeartBeatServer - Ping received. Pinging back...
2022-06-10 21:44:16.181 [main] INFO  LobbyManager - waiting room started
2022-06-10 21:44:16.184 [main] INFO  ServerMain - Starting server...
2022-06-10 21:44:16.200 [main] INFO  ServerMain - ready on IP: 0.0.0.0/0.0.0.0 port: 12345
2022-06-10 21:44:29.308 [main] INFO  ServerMain - player connected on port 60274
2022-06-10 21:44:29.312 [main] INFO  HeartBeatServer - Added client
2022-06-10 21:44:29.321 [main] INFO  LobbyManager - new client added with no preferences. connected clients in lobby: 0
2022-06-10 21:44:29.448 [pool-2-thread-2] INFO  ServerReceiver - Server received message: preferences
2022-06-10 21:44:29.451 [pool-2-thread-2] INFO  LobbyManager - client on port60274
2022-06-10 21:44:29.452 [pool-2-thread-2] INFO  LobbyManager - gio << joined the lobby. connected clients in lobby: 1
2022-06-10 21:44:31.421 [pool-2-thread-2] INFO  HeartBeatServer - Ping received. Pinging back...
2022-06-10 21:44:33.709 [main] INFO  ServerMain - player connected on port 60275
2022-06-10 21:44:33.709 [main] INFO  HeartBeatServer - Added client
2022-06-10 21:44:33.710 [main] INFO  LobbyManager - new client added with no preferences. connected clients in lobby: 1
2022-06-10 21:44:33.839 [pool-2-thread-3] INFO  ServerReceiver - Server received message: preferences
2022-06-10 21:44:33.841 [pool-2-thread-3] INFO  LobbyManager - client on port60275
2022-06-10 21:44:33.841 [pool-2-thread-3] INFO  LobbyManager - fede << joined the lobby. connected clients in lobby: 2
2022-06-10 21:44:33.860 [pool-2-thread-3] INFO  LobbyManager - Server: created normal game 0 with players: [gio, fede]
2022-06-10 21:44:33.863 [pool-2-thread-3] INFO  GameInterface - it.polimi.ingsw.server.controller.GameInterface@78e7fdcf: creating a new instance with players: [gio, fede]
2022-06-10 21:44:33.864 [pool-2-thread-3] INFO  GameInterface - sockets are: [Socket[addr=/127.0.0.1,port=60274,localport=12345], Socket[addr=/127.0.0.1,port=60275,localport=12345]]
2022-06-10 21:44:33.963 [pool-2-thread-3] INFO  GameInterface - it.polimi.ingsw.server.controller.GameInterface@78e7fdcf is sending an update to the clients.
2022-06-10 21:44:36.387 [pool-2-thread-2] INFO  HeartBeatServer - Ping received. Pinging back...
2022-06-10 21:44:36.521 [pool-2-thread-3] INFO  HeartBeatServer - Ping received. Pinging back...
2022-06-10 21:44:41.415 [pool-2-thread-2] INFO  HeartBeatServer - Ping received. Pinging back...
2022-06-10 21:44:41.426 [pool-2-thread-3] INFO  HeartBeatServer - Ping received. Pinging back...
2022-06-10 21:44:45.263 [pool-2-thread-3] INFO  ServerReceiver - Server received message: command
2022-06-10 21:44:45.302 [pool-2-thread-3] INFO  GameInterface - it.polimi.ingsw.server.controller.GameInterface@78e7fdcf is executing command: Command{type=PLAY_CARD, username='fede', motherNaturePositionShift=0, cardId=3, students=null, islandId=0, charName='null', cloudId=0}
2022-06-10 21:44:45.308 [pool-2-thread-3] INFO  GameInterface - it.polimi.ingsw.server.controller.GameInterface@78e7fdcf is sending an update to the clients.
2022-06-10 21:44:46.451 [pool-2-thread-2] INFO  HeartBeatServer - Ping received. Pinging back...
2022-06-10 21:44:46.453 [pool-2-thread-3] INFO  HeartBeatServer - Ping received. Pinging back...
2022-06-10 21:44:51.474 [pool-2-thread-2] INFO  HeartBeatServer - Ping received. Pinging back...
2022-06-10 21:44:51.478 [pool-2-thread-3] INFO  HeartBeatServer - Ping received. Pinging back...
2022-06-10 21:44:56.514 [pool-2-thread-2] INFO  HeartBeatServer - Ping received. Pinging back...
2022-06-10 21:44:56.516 [pool-2-thread-3] INFO  HeartBeatServer - Ping received. Pinging back...
2022-06-10 21:45:01.545 [pool-2-thread-2] INFO  HeartBeatServer - Ping received. Pinging back...
2022-06-10 21:45:01.551 [pool-2-thread-3] INFO  HeartBeatServer - Ping received. Pinging back...
2022-06-10 21:45:03.675 [pool-2-thread-2] INFO  ServerReceiver - Server received message: command
2022-06-10 21:45:03.676 [pool-2-thread-2] INFO  GameInterface - it.polimi.ingsw.server.controller.GameInterface@78e7fdcf is executing command: Command{type=PLAY_CARD, username='gio', motherNaturePositionShift=0, cardId=3, students=null, islandId=0, charName='null', cloudId=0}
2022-06-10 21:45:03.682 [pool-2-thread-2] INFO  GameInterface - it.polimi.ingsw.server.controller.GameInterface@78e7fdcf is sending an update to the clients.
2022-06-10 21:45:06.583 [pool-2-thread-2] INFO  HeartBeatServer - Ping received. Pinging back...
2022-06-10 21:45:06.586 [pool-2-thread-3] INFO  HeartBeatServer - Ping received. Pinging back...
2022-06-10 21:45:07.679 [pool-2-thread-3] INFO  ServerReceiver - Server received message: command
2022-06-10 21:45:07.681 [pool-2-thread-3] INFO  GameInterface - it.polimi.ingsw.server.controller.GameInterface@78e7fdcf is executing command: Command{type=PLAY_CARD, username='fede', motherNaturePositionShift=0, cardId=3, students=null, islandId=0, charName='null', cloudId=0}
2022-06-10 21:45:07.695 [pool-2-thread-3] INFO  GameInterface - it.polimi.ingsw.server.controller.GameInterface@78e7fdcf is sending an update to the clients.
2022-06-10 21:45:11.611 [pool-2-thread-2] INFO  HeartBeatServer - Ping received. Pinging back...
2022-06-10 21:45:11.612 [pool-2-thread-3] INFO  HeartBeatServer - Ping received. Pinging back...
2022-06-10 21:45:16.632 [pool-2-thread-2] INFO  HeartBeatServer - Ping received. Pinging back...
2022-06-10 21:45:16.646 [pool-2-thread-3] INFO  HeartBeatServer - Ping received. Pinging back...
2022-06-10 21:45:21.650 [pool-2-thread-2] INFO  HeartBeatServer - Ping received. Pinging back...
2022-06-10 21:45:21.651 [pool-2-thread-3] INFO  HeartBeatServer - Ping received. Pinging back...
2022-06-10 21:45:26.670 [pool-2-thread-2] INFO  HeartBeatServer - Ping received. Pinging back...
2022-06-10 21:45:26.671 [pool-2-thread-3] INFO  HeartBeatServer - Ping received. Pinging back...
2022-06-10 21:45:31.666 [pool-2-thread-2] INFO  HeartBeatServer - Ping received. Pinging back...
2022-06-10 21:45:31.669 [pool-2-thread-3] INFO  HeartBeatServer - Ping received. Pinging back...
2022-06-10 21:45:36.691 [pool-2-thread-3] INFO  HeartBeatServer - Ping received. Pinging back...
2022-06-10 21:45:36.692 [pool-2-thread-2] INFO  HeartBeatServer - Ping received. Pinging back...
2022-06-10 21:45:41.705 [pool-2-thread-2] INFO  HeartBeatServer - Ping received. Pinging back...
2022-06-10 21:45:41.710 [pool-2-thread-3] INFO  HeartBeatServer - Ping received. Pinging back...
2022-06-10 21:45:44.401 [pool-2-thread-3] INFO  ServerReceiver - Server received message: command
2022-06-10 21:45:44.401 [pool-2-thread-3] INFO  GameInterface - it.polimi.ingsw.server.controller.GameInterface@78e7fdcf is executing command: Command{type=PLAY_CARD, username='fede', motherNaturePositionShift=0, cardId=4, students=null, islandId=0, charName='null', cloudId=0}
2022-06-10 21:45:44.417 [pool-2-thread-3] INFO  GameInterface - it.polimi.ingsw.server.controller.GameInterface@78e7fdcf is sending an update to the clients.
2022-06-10 21:45:46.745 [pool-2-thread-2] INFO  HeartBeatServer - Ping received. Pinging back...
2022-06-10 21:45:46.749 [pool-2-thread-3] INFO  HeartBeatServer - Ping received. Pinging back...
2022-06-10 21:45:51.784 [pool-2-thread-2] INFO  HeartBeatServer - Ping received. Pinging back...
2022-06-10 21:45:51.785 [pool-2-thread-3] INFO  HeartBeatServer - Ping received. Pinging back...
2022-06-10 21:45:56.809 [pool-2-thread-2] INFO  HeartBeatServer - Ping received. Pinging back...
2022-06-10 21:45:56.810 [pool-2-thread-3] INFO  HeartBeatServer - Ping received. Pinging back...
2022-06-10 21:46:01.828 [pool-2-thread-3] INFO  HeartBeatServer - Ping received. Pinging back...
2022-06-10 21:46:01.833 [pool-2-thread-2] INFO  HeartBeatServer - Ping received. Pinging back...
2022-06-10 21:46:06.856 [pool-2-thread-2] INFO  HeartBeatServer - Ping received. Pinging back...
2022-06-10 21:46:06.857 [pool-2-thread-3] INFO  HeartBeatServer - Ping received. Pinging back...
2022-06-10 21:46:11.880 [pool-2-thread-2] INFO  HeartBeatServer - Ping received. Pinging back...
2022-06-10 21:46:11.881 [pool-2-thread-3] INFO  HeartBeatServer - Ping received. Pinging back...
2022-06-10 21:46:16.884 [pool-2-thread-2] INFO  HeartBeatServer - Ping 